"kw","desc"
"( 深圳 台机自提） 威达 高科技 控股 有限公司","威达先后与IBM公司、联想公司建立了长久战略合作关系,开创了威达作为THINKPAD笔记本电脑中国区总代理长达20年的辉煌历程,曾经取得年销售额占THINKPAD笔记本电脑在中国年... 威达高科技控股有限公司办公室地址位于交通便利的上海长宁 上海市长宁区延安西路895号25层25A室(邮编:200050)(行政区号:310105),注册资本为30000.000000万人民币(万... 威达高科技控股有限公司(以下简称:威达)是一家主要从事世界著名品牌IBM及联想的IT产品分销、快速消费品分销、金融服务、房地产开发等业务的综合性企业集团,在全国各地... 2014年7月17日 - 8月出生,博士研究生学历,威达高科技控股有限公司董事...一个站地去“扫街”,推销自己赊来的20台手提电脑...广州、深圳、成都等中心城市设立分公司,业... 威达高科技控股有限公司(以下简称:威达)是一家主要从事世界着名品牌的IT产品分销、快速消费品销售、房地产开发和基础建设等业务的综合性企业集团,在全国各地包括香港在... 公司介绍 威达高科技控股有限公司位于上海市长宁区延安西路895号25层25A室。从产品的设计、生产、销售、售后服务的各个环节严把质量关,竭诚为广大用户提供优质的产品... 威达高科技控股有限公司 供货等级: 交易等级: 诚信指数: 91% 客户满意: 98...·威乐高科技有限公司 ·华威高科技生物有限公司 ·万达控股有限公司 ·深圳市达... 提交我在该公司的工资,帮助大家了解该公司 工资收入: (月薪/元) 请填写数字! 公司名称: 威达高科技控股有限公司 职位名称: 工作地区: 工作经验: 指您在该... 公司信息 公司名称:威达高科技控股有限公司 联系人: 联系电话: 公司地址:延安西路895号申亚金融广场25楼相关城市招聘: 北京招聘 上海招聘 天津招聘 广州招聘 深圳..."
"(呼盟） 李春波","2017年4月18日 - 中文名: 李春波 英文名: Chunbo Li 别名: 阿波 籍贯: 辽宁沈阳 出生地: 沈阳 民族: 汉族 血型: AB 国籍: 中国 星座: 天蝎座 职业: 歌手 导演 词曲... 浙江医药股份新昌制药厂董事长李春波,浙江新昌澄潭镇坑下村人, 1992 年10月加入中国共产党。中文名 李春波 国籍 中国 出生日期 1959 年4月 毕业院校 杭州电子... [视频]时长 05:01 2015年2月3日 - 生活一直保持低调的中国原创音乐领军人物李春波晒出一组和儿子玩耍生活照,并附文称,“带儿子回老家(沈阳)录制节目,除了工作是体力活,和儿子吃饭也不... 2016年6月11日 - 原标题:李春波娇妻“小芳”曝光 身家不输老公(图) 王红好莱坞电影定妆照 李春波93年凭借《小芳》横空出世,红遍大江南北。靶》肌本烤故鞘裁囱呐... 2015年1月26日 - 日前,曾凭借《小芳》和《一封家书》等流行金曲红遍海内的中国原创音乐领军人物李春波推出了全新专辑《岁月》,专辑中收录了《岁月》、《姐姐》、《迁... 2014年12月29日 - 李春波中国著名创作型歌手城市民谣代言人。李春波六十年代中生于东北辽宁,自幼习乐,不到二十岁即已是当地... 2014年11月27日 - 早在李春波录制《北京记忆》之前,网上就开始有声音传“小芳”真人存在,并且已经跟他登记结婚了。节目中李春波首次亲口证实网传内容为实,只是“小芳”... 《小桃红》是李春波演唱的歌曲所属专辑:20世纪中华歌坛名人百集珍藏版,演唱作词作曲都是李春波。中文名称 小桃红 歌曲原唱 李春波 填词 李春波 谱曲 李春波 ..."
"(小仓） 广州市 大洋 信息 技术 股份有限公司","动态信息 Dynamic Information 大洋公司动态更多>> [08-10]祝贺广州市大洋信息技术股份有限公司挂牌上市 热烈祝贺广州市大洋信息技术股份有限公司挂牌上市!证券简称:... 公司名称: 广州市大洋信息技术股份有限公司 职位名称: 工作地区: 工作经验: 指您在该公司工作时的工作经验 工作性质: 是否在职? 在职 已离职 离职时间:... 酷校是一款由广州市大洋信息技术股份有限公司倾力打造的实用技能学习平台,并且酷校拥有涵盖高等教育、基础教育、职业技能、电商实训等多个类别的优质课程,内容制作精良... 大洋信息在拉勾网招聘等你,广州市大洋信息技术股份有限公司是行业内知名上市企业(证券号:832762,简称:大洋信息),成立于1998年,注册资金3100万,是一家以软件研发、... 广州市大洋信息技术股份有限公司(简称:大洋信息,证券代码:832762),成立于1998年,注册资金3405万,是一家以在线教育服务、软件研发、计算机信息系统集成为主营业务的高... 广州市大洋信息技术股份有限公司(简称:大洋信息,证券代码:832762),成立于1998年,注册资金3405万,是一家以在线教育服务、软件研发、计算机信息系统集成为主营业务的... 广州市大洋信息技术有限公司(简称大洋信息),大洋信息成立于98年,是一家以计算机信息系统集成一级、存储、安防监控、智能楼宇、软件研发、信息安全服务、增值服务、信... 广州市大洋信息技术有限公司位于广东广州市天河区高科大厦B座2506,主营 其他网络设备、配件 监视器 服务器、工作站 笔记本电脑 等。公司秉承为顾客服务,勇攀高峰... 2015年4月24日 - 声明 本公司及全体董事、监事、高级管理人员承诺公开转让说明书不存在虚假记载、误导性陈述或重大遗漏,并对其真实性、准确性、完整性承担个别和连带的..."
"(广州）绿地汇创广场管理处","广州绿地汇创国际楼盘主页,绿地汇创国际售楼处电话:,广州绿地汇创国际最新开发商报价:13000元/㎡,绿地汇创国际项目介绍:绿地汇创国际位于白云区民科园,是由世界500... 2017年9月18日 - 别名:绿地汇创广场小户型 品牌开发商 不限购 loft 现房 低总价 轻松扫一扫楼盘...广州 绿地汇创国际2017年09月18日销售报价为均价15000.00元/平方米。 白云共... 广州绿地汇创国际(商用),9月房价(待定),售楼电话(400-890-0000 转 812468),位于白云商圈,楼盘地址是区北太路民营科技园科强路,占地面积33682平方米,拥有50年... 汇德国际广场【400-060-1618转27302】项目位于织里镇中心地带,东面即是织里镇老...广州市绿地汇创国际相关信息中国房产证查询网 广州房产管理局网站 全国各地房价... 商家中心 信息管理账户资料我的资金 帮助中心 最近浏览 数据加载中......免费发布 广州58同城 > 广州租房 绿地汇创广场电商创业园 2室1厅1卫(个人) ... 广州乐居提供绿地汇创国际基本信息、售楼处电话、开发商信息、周边配套信息、详细的楼盘介绍等楼盘信息,及时的绿地汇创国际楼盘信息尽在广州乐居! 搜狐焦点网 > 广州小区 > 白云区小区 > 绿地汇创国际绿地汇创国际 写字楼 400-099-0099 小区首页 详细信息 二手房 (13) 小区相册 经纪人 房价走势 周边... 广州绿地汇创国际广场内容来自筑龙网与广州绿地汇创国际广场内容来自与之相关的精品资料、博文热帖、培训课程等。更多广州绿地汇创国际广场相关资料请访问日更新500篇... 广州乐居提供绿地汇创国际售楼电话(400-606-6969)、最新房价、地址、交通和周边配套、开盘动态、户型图、实景图、怎么样等楼盘信息,及时的绿地汇创国际楼盘信息尽在... 2017年8月8日 - 绿地汇创国际位于白云区民科园,由世界500强企业绿地集团倾力打造的创意商业服务综合...萝岗敏捷广场(商用) 锐丰中心(商用) 沁园 广州绿地城(商用) 合..."
"(直投储 CDC） 上海","搜狐汽车汽车百科频道为您提供汽车名词CDC的解释,您可以了解CDC是什么。... 《上海市鼓励购买和使用新能源汽车暂行办法》...CDC HBMC 弹簧 钢板弹簧 多连杆 横向稳定... 2016年6月6日 - [上海]中金公司直接投资管理部招聘实习生发布时间:2016-06-06 工作地点:上海...北京电信易通信息技术 中电飞华通信股份有限公司 cdc 房地产 工民建 HR... 京东乡镇直投店 北京 上海 广州 深圳 天津 武汉 杭州 南京 重庆8图 广州到...中澳TOLL直飞专线47元1kg查看有奖 代理编号:cdc0047(注册是填写CDC0047编号可以... 2007年5月11日 - 中信资本直接投资有限公司(CITIC Capital Partners...GE Capital、Siguler Guff、CDC、Orix、住友信托...美股周二高开 市场关注美联储官员讲话 万达... 上海图书馆馆藏 北大核心期刊(中国人文社会科学核心期刊) 哥白尼索引(波兰) 国家图书馆馆藏 文摘与引文数据库 知网收录(中) 统计源核心期刊(中国科技论文... 2016年4月16日 - 政蘩分析』POLlCYANALYS}S张文君,上海交通大学安 泰...人才流动对促进中国对外直接投资 的作用:一个被忽略...pl锄taryt0expom.Howev%lmowlcdgcdcvcl叩... 2016年5月18日 - 2016年第2期 国际投资孔子学院对中国对外直接投资的...截距LnGDPLnDISRESOPENINSCDCIR 2F值样本N文化差异...[J].上海经济研究,2009(3):3-10.[5]蒋冠宏... cdclwb投资了人人贷投资了(利率:8%~12%,口碑:1.2) 20,000.00元,资产占比:54.48%... 人人贷 平台直投 平台信息 已有1607人关注该平台 cdclwb 收益率:6.7..."
"(直投储CDC）上海","搜狐汽车汽车百科频道为您提供汽车名词CDC的解释,您可以了解CDC是什么。... 《上海市鼓励购买和使用新能源汽车暂行办法》...CDC HBMC 弹簧 钢板弹簧 多连杆 横向稳定... 2016年6月6日 - [上海]中金公司直接投资管理部招聘实习生发布时间:2016-06-06 工作地点:上海...北京电信易通信息技术 中电飞华通信股份有限公司 cdc 房地产 工民建 HR... 京东乡镇直投店 北京 上海 广州 深圳 天津 武汉 杭州 南京 重庆8图 广州到...中澳TOLL直飞专线47元1kg查看有奖 代理编号:cdc0047(注册是填写CDC0047编号可以... 2011年8月19日 - 二季度菲律宾共批准外来直接投资(FDI)406亿比索,其中经济区署(PEZA)171亿比索,投资署(BOI)88亿比索,克拉克发展署(CDC)146亿比索,苏比克湾管理署1亿... 2016年4月16日 - 政蘩分析』POLlCYANALYS}S张文君,上海交通大学安 泰...人才流动对促进中国对外直接投资 的作用:一个被忽略...pl锄taryt0expom.Howev%lmowlcdgcdcvcl叩... 2016年5月18日 - 2016年第2期 国际投资孔子学院对中国对外直接投资的...截距LnGDPLnDISRESOPENINSCDCIR 2F值样本N文化差异...[J].上海经济研究,2009(3):3-10.[5]蒋冠宏... cdclwb投资了人人贷投资了(利率:8%~12%,口碑:1.2) 20,000.00元,资产占比:54.48%... 人人贷 平台直投 平台信息 已有1607人关注该平台 cdclwb 收益率:6.7... 2007年8月21日 - 【赛迪网讯】8月21日消息,中华网科技公司(CDC Corp)日前表示,计划向...博客|钱学锋:“个人直投”开启投资股票新时代 博客|于国富:久游网,你不... 北京 天津 上海 重庆《广东省》深圳 韶关 珠海 ...代理编号:CDC526(注册时填写CDCxxxx编号可以立刻获得...的经营理念,我们立足广州, 专注宣传单直投, “ ..."
"(自提） 威达 高科技 控股 有限公司","威达先后与IBM公司、联想公司建立了长久战略合作关系,开创了威达作为THINKPAD笔记本电脑中国区总代理长达20年的辉煌历程,曾经取得年销售额占THINKPAD笔记本电脑在中国年... 威达高科技控股有限公司好评度66.7%,来自3人点评,想了解公司点评,就上职友集。发现和了解你未来的雇主。 威达高科技控股有限公司办公室地址位于交通便利的上海长宁 上海市长宁区延安西路895号25层25A室(邮编:200050)(行政区号:310105),注册资本为30000.000000万人民币(万... 威达高科技控股有限公司(以下简称:威达)是一家主要从事世界著名品牌IBM及联想的IT产品分销、快速消费品分销、金融服务、房地产开发等业务的综合性企业集团,在全国各地... 提交我在该公司的工资,帮助大家了解该公司 工资收入: (月薪/元) 请填写数字! 公司名称: 威达高科技控股有限公司 职位名称: 工作地区: 工作经验: 指您在该... 公司介绍 威达高科技控股有限公司位于上海市长宁区延安西路895号25层25A室。从产品的设计、生产、销售、售后服务的各个环节严把质量关,竭诚为广大用户提供优质的产品... 商铺信息 威达高科技控股有限公司 供货等级: 交易等级: 诚信指数: 91% 客户满意: 98%猜你喜欢 ·威乐高科技有限公司 ·华威高科技生物有限公司 ·万达控股... 名称:威达高科技控股有限公司注册号:310105000218218法定代表人姓名:周桐宇住所:上海市长宁区延安西路895号25层25A室注册资本:30000.000000万人民币企业状态:确立公司类... 统一社会信用代码 9131010574492947X9 名称 威达高科技控股有限公司 类型 有限责任公司(自然人投资或控股) 法定代表人 周桐宇 注册资本 30000万人民币 成立日期 2002年..."
"- 世嘉","点评了经典世嘉 2016款 三厢 1.6L 手动 油耗评分: 5.00 油耗:暂时磨合期,而且全是市区,油耗10个吧,听一朋友说他13年世嘉油耗才7个多,不知道是真是假。查... 天津世嘉,8月房价(参考均价:12000元/平方米),售楼电话(400-890-0000 转 683781),位于滨海新区汉沽商圈,楼盘地址是汉沽大丰路与朝阳街交口,占地面积38313平方米,... 苏州市世嘉科技股份有限公司成立于1990年,是一家集研发与生产于一体的综合性企业,占地面积100余亩,下辖两家全资子公司:中山市亿泰纳精密制造科 技有限公司、苏州... 雪铁龙世嘉,易车提供全国官方4S店经典世嘉报价,最新雪铁龙世嘉降价优惠信息。以及经典世嘉报价,经典世嘉图片,经典世嘉在线询价服务,低价买车尽在易车网 2017年9月14日 - 世嘉楼盘动态 更多>> 动态 [世嘉]汉沽大丰路现房清盘在售中 仅余1套 2017-09-14 世嘉洋房仅剩一套洋房顶层在售,户型为120平方米二居,带露台,价格12000/... 世嘉科技(002796):业绩符合预期,国内精密箱 04-11 13:48 世嘉科技(002796):中报净利润略降,国内精密 08-10 11:28 最近访问 我的自选股 股票名称最新价涨跌... 经典世嘉(C-Quatre)是雪铁龙的国产车厂东风雪铁龙于2008年推出的一款紧凑型三厢轿车,最新年款为2016英文名:C-Quatre,简称:++,别名:++,官方指导价:9.58-11.18..."
"- 世嘉 正方","世嘉正方怎么样?赶集网为您提供世嘉正方的最新招聘信息、公司简介、公司地址、公司规模、岗位福利等详细信息,让您在选择世嘉正方前能够做到全面了解。 沈阳世嘉正方电子科技有限公司于2008年11月7日在沈阳工商注册,业务经理张罡,我公司的办公地址设在沈阳市沈河区团结路7-1号(1-12-1室),如果您对我们的产品服务有... 这是沈阳世嘉正方电子科技有限公司在1024商务网的商铺,有产品、新闻、招聘、联系方式等信息的详细介绍,如果你对沈阳世嘉正方电子科技有限公司感兴趣,可以在线联系或... 沈阳世嘉正方电子科技有限公司位于沈阳市沈河区团结路7-1号(1-12-1室),于2008年11月7日在沈阳工商局注册成立,公司座机电话是024-22598012, 沈阳世嘉正方电子科技... 2013年6月2日 - 正方世嘉电子科技有限公司的电话号码:0531-23456611;地址:. 点击可以查阅 查电话网 为您提供的正方世嘉电子科技有限公司的电话号码和详细信息 公司名称: 沈阳世嘉正方电子科技有限公司 职位名称: 工作地区: 工作经验: 指您在该公司工作时的工作经验 工作性质: 是否在职? 在职 已离职 离职时间: ... 公司简介: 沈阳世嘉正方电子科技有限公司,于2008年11月7日在沈阳工商局注册成立,沈阳世嘉正方电子科技有限公司愿与社会各界同仁携手合作,谋求共同发展,继续为新老客户... 注册号 210700004139124 名称 沈阳世嘉正方电子科技有限公司锦州分公司 类型 有限责任公司分公司(自然人投资或控股) 法定代表人 张宏 成立日期 2013-04-26 经营期限自... 新闻|经典世嘉科技版4月8日上市 降价增配置04-08 新闻|经典世嘉科技版4月8日上市 内饰/配置升级04-01 新闻|雪铁龙经典世嘉上市 售价9.58万元起12-05 导购|东... 沈阳世嘉正方电子科技有限公司,公司位于:沈阳市沈河区团结路7-1号(1-12-1室)。阿土伯助您成为新一代大富翁!"
"- 世嘉 正方 电子科技","沈阳世嘉正方电子科技有限公司位于沈阳市沈河区团结路7-1号(1-12-1室),于2008年11月7日在沈阳工商局注册成立,公司座机电话是024-22598012, 沈阳世嘉正方电子科技... 这是沈阳世嘉正方电子科技有限公司在1024商务网的商铺,有产品、新闻、招聘、联系方式等信息的详细介绍,如果你对沈阳世嘉正方电子科技有限公司感兴趣,可以在线联系或... 沈阳世嘉正方电子科技有限公司成立于2008年11月7日,是一家主营电子的现代化公司,公司坐落于沈阳市 沈河区 团结路7-1号(1-12-1室),公司注册资金未提供,业务... 公司名称: 沈阳世嘉正方电子科技有限公司 职位名称: 工作地区: 工作经验: 指您在该公司工作时的工作经验 工作性质: 是否在职? 在职 已离职 离职时间: ... 2013年6月2日 - 正方世嘉电子科技有限公司的电话号码:0531-23456611;地址:. 点击可以查阅 查电话网 为您提供的正方世嘉电子科技有限公司的电话号码和详细信息 公司简介: 沈阳世嘉正方电子科技有限公司,于2008年11月7日在沈阳工商局注册成立,沈阳世嘉正方电子科技有限公司愿与社会各界同仁携手合作,谋求共同发展,继续为新老客户... 沈阳世嘉正方电子科技有限公司,公司位于:沈阳市沈河区团结路7-1号(1-12-1室)。阿土伯助您成为新一代大富翁! 注册号 210700004139124 名称 沈阳世嘉正方电子科技有限公司锦州分公司 类型 有限责任公司分公司(自然人投资或控股) 法定代表人 张宏 成立日期 2013-04-26 经营期限自... 深圳世嘉电子科技有限公司(https://chinasj2006.cn.china.cn)主营产品包括U盘等,深圳世嘉电子科技有限公司负责人朱先生电话:86-0755-2797131,深圳世嘉电子科技有限... 2012年8月17日 - 世嘉商务宾馆电话, 世嘉商务宾馆电话, 世嘉太阳能电话, 沈阳世嘉宏业电子有限公司电话, 沈阳世嘉投资有限公司电话, 沈阳世嘉正方电子科技有限公司电话..."
"- 中移鼎讯","2012年12月4日 - 中移鼎讯通信股份有限公司由中国移动通信集团公司、中兴通讯股份有限公司、东方通信股份有限公司、宁波波导股份有限公司、北京神州数码有限公司、深圳市华为投资控股有限... 中移鼎讯企业地址:苏州市白塔东路联系电话:0512-67889999联系人:的访问量 [ 8469 ]Copyright © 2015 All Rights Reserved 中移鼎讯 版权所有 网站设计维护:... 3月16日消息,知情人士透露,中国移动将通过关联公司收购其控股的终端销售子公司中移鼎讯全部股权,以便做大做强终端零售和服务业务。 中移鼎讯全称名为“中移鼎讯... 这是中移鼎讯通信股份有限公司在1024商务网的商铺,有产品、新闻、招聘、联系方式等信息的详细介绍,如果你对中移鼎讯通信股份有限公司感兴趣,可以在线联系或留言。 最佳答案: 中移鼎讯通信股份有限公司由中国移动通信集团公司、中兴通讯股份有限公司、东方通信股份有限公司、宁波波导股份有限公司、北京神州数码有限公司、深圳市华为投...更多关于- 中移鼎讯的问题>> 中移鼎讯通信股份有限公司办公室地址位于山东省会,泉城济南,中国 山东 济南市 济南市经二纬一路21号三楼,公司成立以来发展迅速,业务不断发展壮大,我公司主要经营手... 中移鼎讯怎么样?赶集网为您提供中移鼎讯的最新招聘信息、公司简介、公司地址、公司规模、岗位福利等详细信息,让您在选择中移鼎讯前能够做到全面了解。 中移鼎讯通信股份有限公司由中国移动通信集团公司、中兴通讯股份有限公司、东方通信股份有限公司、宁波波导股份有限公司、北京神州数码有限公司、深圳市华为投资控股有限... 中移鼎讯通信股份有限公司位于广东省深圳市南山区高新南一道飞亚达科技大厦1301。我们的企业文化:做事晶为本,做人德为先;让我们的工作更有品味!我们的企业文化:做事... 这里有中移鼎讯通信股份有限公司的介绍,招聘,新闻等信息... 欢迎光临中移鼎讯通信股份有限公司,您可以通过本页面查找有关中移鼎讯通信股份有限公司产品、解决方案、..."
"- 中移鼎讯 通信","2012年12月4日 - 中移鼎讯通信股份有限公司由中国移动通信集团公司、中兴通讯股份有限公司、东方通信股份有限公司、宁波波导股份有限公司、北京神州数码有限公司、深圳市华为投资控股有限... 这是中移鼎讯通信股份有限公司在1024商务网的商铺,有产品、新闻、招聘、联系方式等信息的详细介绍,如果你对中移鼎讯通信股份有限公司感兴趣,可以在线联系或留言。 中移鼎讯通信股份有限公司办公室地址位于山东省会,泉城济南,中国 山东 济南市 济南市经二纬一路21号三楼,公司成立以来发展迅速,业务不断发展壮大,我公司主要经营手... 中移鼎讯通信股份有限公司位于广东省深圳市南山区高新南一道飞亚达科技大厦1301。我们的企业文化:做事晶为本,做人德为先;让我们的工作更有品味!我们的企业文化:做事... 中移鼎讯通信股份有限公司由中国移动通信集团公司、中兴通讯股份有限公司、东方通信股份有限公司、宁波波导股份有限公司、北京神州数码有限公司、深圳市华为投资控股有限... 这里有中移鼎讯通信股份有限公司的介绍,招聘,新闻等信息... 欢迎光临中移鼎讯通信股份有限公司,您可以通过本页面查找有关中移鼎讯通信股份有限公司产品、解决方案、... 这是中移鼎讯通信股份有限公司的简介,新闻等信息... 网址:http://www.topssion.com 公司地址:南京市鼓楼区五台山1-6号体育中心商务楼9楼公司介绍 中移鼎讯通信... 中移鼎讯通信股份有限公司位于北京市宣武区北京市宣武区西便门内大街53号5-8层。主营产品:电信业务代办 。1920701,1616608,708067。自成立以来不断创新研发,目前... 中移鼎讯全称名为“中移鼎讯通信股份有限公司”,2003年底创建,是由中国移动发起成立的一家以终端产品销售业务为主的公司,其注册资本为人民币2亿元。 根据该公司的... 中移鼎讯通信股份有限公司成立于2004年7月,由中国移动通信集团公司等六家股东共同发起设立。公司注册资本2亿元,主营电子通讯产品的研发、生产、销售、维修,电信业务代..."
"- 中邮","中邮核心优势混合 1.653 1.833 -1.02% 中邮核心主题混合 1.858 2.018 -3.13% 中邮中小盘混合 2.074 2.074 -1.80% 中邮战略新兴混合 4.013 4.013 -1.13% ... 网上自助开户常见问题解答 中邮证券手机开户 特别推荐 >快速链接 > 资讯中心:今日提示新股提示 财经新闻 证券市场要闻 策略聚焦 聚焦视厅 研发报告 行情交易:... 合作伙伴 an Australian Regulated Air Cargo Agent, an accredited memeber of 版权所有 Copyright ©1997-2017 中邮快递 All Right Reserved... 了解网院 认识邮政 直邮天地 服务三农CopyRight © 2010 中国邮政网络学院 All Rights Reserved 冀ICP备05002813号 ... [09-19] 中邮保险江苏分公司10月... [08-16] 中邮保险江苏分公司9月... [07-13] 中邮保险江苏分公司8月... [07-10] 中邮保险湖南分公司2017... ·邮件跟踪查询 ·一票多件跟踪查询 ·协议客户查询 ·车管所邮件查询 中国邮政集团公司版权所有 ... 外邮 外币 收藏资讯 拍卖资讯 投资理财 收藏数据 收藏常识 收藏趣闻 邮史研究 中邮百科 中邮视频 收购首页 邮票收购报价 钱币收购报价 其它收购报价 邮票热门收购... 中邮阅读网 - 电子杂志 - 中国最大的正版电子杂志平台,免费在线电子媒体阅读,发布平台,提供免费在线杂志阅读,免费杂志原版下载等服务."
"- 中邮 普泰","普泰移动 最新动态 资费套餐 热门文章 中邮世纪虚商品牌普泰移动资费套餐标准... 普泰移动产品购买流程、支付方式与业务使用帮助... 2015年1月28日 - 公开资料显示,2015年元月1日起,中邮世纪正式启用新的移动转售品牌“普泰移动”。中邮世纪副总经理肖建生对通信生活报表示,目前正与中国移动测试虚拟转... ... 中邮世纪(北京)通信技术有限公司是唯一一家具有央企背景的虚拟 运营商,拥有独立的、全国一体化的移动通信业务支撑系统,业务范围覆盖全国。 普泰移动是中邮世纪(... 2017年3月16日 - 中国邮政速递物流股份有限公司(简称中国邮政速递物流)是经国务院批准,中国邮政...普泰PTAC 由中国邮电器材集团公司发起成立的国有大型商贸企业,国内移动终... 2016年3月22日 - [摘要]虚商在线(im170.com)消息,小编从普泰移动官方获悉,中邮世纪旗下虚商品牌普泰移动已开始放号,下面给大家介绍一下该公司虚拟运营产品的资费套餐... 集团业务帮助 其他业务帮助 下载掌厅APP 客服电话 4000-170-139 京公安网安备11010602110004 京ICP备11006562号 中邮世纪(北京)通信技术有限公司-版权所有 ... 保修政策:全国联保,享受三包服务电话备注:星期一至五 (Mon-Fri)9:00-21:00;星期六、日 (Sat-Sun)9:00-18:00 团购 京邮普泰-通辽中邮鼎信数码通讯公司 京邮普泰-通辽中邮鼎信数码通讯公司 0.0 (0人评价) 地址: 内蒙古通辽市和平路189号天王小区商住综合楼2楼 查看地图..."
"- 中邮高讯","团购 天翼中邮高讯手机售后服务 天翼中邮高讯手机售后服务 0.0 (0人评价) 地址: 中华南路145附近 查看地图 电话: 用户评价查看完整地图 全场通用、可叠加... 成都中邮高讯科技发展有限公司怎么样?想了解公司点评,就上职友集。发现和了解你未来的雇主。 成都中邮高讯科技发展有限公司位于四川省成都市锦江区提督街54号锦阳商厦附1楼11-14号。公司坚持以人为本,以诚信求客户,以质量求生存,努力做到客户第一、市场第... 成都中邮高讯科技发展有限公司昆明分公司办公室地址位于素以“春城”著称昆明,昆明 北京路447号二楼(邮编:650011),于2002-04-18 在昆明工商局注册成立,公司已经... 成都中邮高讯科技发展有限公司贵阳分公司是中国邮电器材集团公司下属企业,坐落于贵阳市南明区中华南路91号万国大厦二楼(贵阳市核心通讯市场商圈),公司于2005年5月... 天眼查铜仁市碧江区中邮高讯通讯器材经营部信息查询, 为您提供铜仁市碧江区中邮高讯通讯器材经营部信用信息查询、铜仁市碧江区中邮高讯通讯器材经营部诉讼财务信息... 这是成都中邮高讯科技发展有限公司在1024商务网的商铺,有产品、新闻、招聘、联系方式等信息的详细介绍,如果你对成都中邮高讯科技发展有限公司感兴趣,可以在线联系或... 成都中邮高讯科技发展有限公司主要经营:无线电移动电话、通讯器材与产品的销售、维修及相关技术的咨询服务;销售:办公用品(除彩色复印机)、计算机及配件;计算机软硬件... 成都中邮高讯科技发展有限公司,主要经营通讯产品,于2002年3月6日在成都工商局登记注册,公司注册资本未知,我公司的办公地址位于有着3000余年的建城... 成都中邮高讯科技有限公司0人关注 关注 1 人分享 公司概况 工资待遇 面试经验 公司评价 公司动态 公司介绍 企业名片 公司性质: 公司规模: 公司地址: 所属行业:..."
"- 中邮高讯 发展","成都中邮高讯科技发展有限公司怎么样?想了解公司点评,就上职友集。发现和了解你未来的雇主。 成都中邮高讯科技发展有限公司位于四川省成都市锦江区提督街54号锦阳商厦附1楼11-14号。公司坚持以人为本,以诚信求客户,以质量求生存,努力做到客户第一、市场第... 成都中邮高讯科技发展有限公司,主要经营通讯产品,于2002年3月6日在成都工商局登记注册,公司注册资本未知,我公司的办公地址位于有着3000余年的建城... 成都中邮高讯科技发展有限公司主要经营:无线电移动电话、通讯器材与产品的销售、维修及相关技术的咨询服务;销售:办公用品(除彩色复印机)、计算机及配件;计算机软硬件... 这是成都中邮高讯科技发展有限公司在1024商务网的商铺,有产品、新闻、招聘、联系方式等信息的详细介绍,如果你对成都中邮高讯科技发展有限公司感兴趣,可以在线联系或... 成都中邮高讯科技发展有限公司昆明分公司办公室地址位于素以“春城”著称昆明,昆明 北京路447号二楼(邮编:650011),于2002-04-18 在昆明工商局注册成立,公司已经... 成都中邮高讯科技发展有限公司昆明分公司是中国邮电器材集团的控股子公司,2007年全部划拨给中国邮电器材集团零售维修事业部,集团对其现有的手机维修服务业务进行整合,西... 成都中邮高讯科技发展有限公司其他 评论(0) 查看 联系人:王先生 固话:18981831220 邮箱:zyfc888@126.com公司介绍 本公司是大型国有企业中国邮电器材集团公司的... 公司名称:成都中邮高讯科技发展有限公司 公司行业:计算机/网络/通信 联系电话: 公司地址:成都市提督街58号锦阳商厦14楼E座该公司暂无招聘职位,请查看相关公司的... 查看大地图:成都中邮高讯科技发展有限公司 酒店机票预订: 成都特价酒店预订 飞机票预订 火车票 交通换乘 门牌查询 酒店查询 机票查询 景点门票 旅游线路 电影团购 ..."
"- 乐顺","简介:总部位于德国的Lürssen(乐顺游艇)公司是一家领先的生产大型奢华游艇的企业。在过去135年来中,公司保持持续创新,生产高质量的产品,以及敬业的员工,谨慎的态度,... YACHTS BUILT ON FAMILY BONDS SINCE 1875DE EN RU 中文 ... 乐顺科技有限公司 公司地址:中国 广东 深圳市福田区 深圳市福田区中航菀25栋501室 固定电话:86-0755-61303840/83220582 联系人:未提供 联系人移动电话:+86-159996... 乐清市乐顺电气有限公司,乐清市黄华工业区,主要经营金属按钮;防水按钮;按钮开关;信号灯;金属按钮开关,86-0577-62633687,如需购买金属按钮;防水按钮;按钮开关;信号... 欢迎来到上海乐顺广告有限公司的中国产品网商铺网站首页,我公司位于风景秀丽,交通便利的上海市浦东新区行南路880号1幢110室,主要经营广告,联系电话为:15974116090 不打针不吃药,点穴疏经,治疗疼痛 麻痛 酸痛,以及脉管炎,青春痘,等各类疑难杂症,浙江省湖州市近杭州市德清县兴康南路301号,医保定点针推医院,乐顺中医特色门诊. 酷乐丸顺丝强力喷雾 Cosmo Spritzer 乐顺控股 REAL FUN HOLDINGS LIMITED 乐顺日记 Awesome Days 乐顺备忘录HD awesome note HD 百乐顺 Bahlsen 白乐顺 B... 佛山市顺德区乐顺电气有限公司,联系人: ,联系电话:0757-25516208。公司地址:中国 广东 佛山市顺德区均安镇均益路194号世友工业城3座202。佛山市顺德区乐顺电气... 乐清市乐顺电气有限公司专业生产按钮开关、金属按钮开关、防水按钮、按钮开关、信号灯等,销售热线:0577-62633687 广州乐顺电子有限公司,主营捕鱼机,橡皮船,锂电池,超声波捕鱼器,公司地址位于广东广州经济开发区增城市永和综合楼1栋1号,联系方式13719368674,如果您对我公司的产品..."
"- 乐顺 通信","2016年9月12日 - 乐顺家的通讯录增强应用,UI 非常精美,养眼的界面已经吸引了不少人。它能使您快速搜寻和最简单的方法来管理联系人与组。软件还内置各种萌萌的小头像,... 乐顺通信 添加分店 0条评论 星级来自业内综合评估 费用:- 地址: 长凤路红坳农贸市场旁 电话: 无添加 更多信息 营业时间: 修改 ... 2016年7月5日 - 乐顺家的通讯录增强软件。界面上是非常清新亮眼,淡紫罗兰色格外养眼舒服,软件内置各种萌萌的小头像,加分不少。至于功能上,小编一直觉得这种通讯录增强... 江苏乐顺通信设备有限公司悉知搜索已经和全国工商信用数据实时对接,查看工商信息。请点击前往新版 >联系方式 在线地图 留言评价联系方式 联系人: 胡**登录后可看 ... 公司名称: 江苏乐顺通信设备有限公司 职位名称: 工作地区: 工作经验: 指您在该公司工作时的工作经验 工作性质: 是否在职? 在职 已离职 离职时间: 经... 公司名称:江苏乐顺通信设备有限公司 公司规模:1000-9999人 公司行业:计算机/网络/通信 公司类型:国企 联 系 人:秦经理 联系电话: 公司地址:公司地址南通崇... 美团网关注网友点评乐顺通信怎么样,环境如何?服务好不好?... 深圳团购» 生活服务团购» 其他生活» 宝安区» 田寮/长圳» 乐顺通信» 全部评价 乐顺... 距离乐顺通信直线距离约1.7公里 地图 街景 ¥ 246 起 查看详情 收藏+1 95% 好评 来自739条点评 5锦江之星(上海杨浦大桥店) 距离乐顺通信直线距离... 看准网(Kanzhun.com)★江苏乐顺通信设备有限公司技术员面试频道,提供江苏乐顺通信设备有限公司技术员面试题、面试经验、面试流程,您也可以通过搜索查找更多的技术员... 江苏乐顺通信设备有限责任公司怎么样?猎聘网为您提供江苏乐顺通信设备有限责任公司最新招聘信息、公司介绍、公司地址、公司评价、薪资待遇等详细信息,让您在选择江苏乐..."
"- 华生","2012年常州华生制药有限公司招 (2012-2-29) 2011年华生制药上海总部销售代 (2011-6-1) 2011年常州华生制药有限公司招 (2011-6-1) 了解更多>>... 华生,1986年被评为首批“国家级有突出贡献的专家”。华生教授是影响我国经济改革进程的三项重要变革(价格双轨制、国资体制、股权分置改革)的主要提出和推动者之一... 华声论坛每天新注册用户数2000多人,已经拥有360多万忠实注册会员,是国内最著名大型社区之一,位居全球中文论坛前十强。华声论坛特色栏目有贴图专区、辣眼时评、参考... 作者名称:华生 关注度:17520作者简介:华生,1953年生, 1986年被评为“国家级有突出贡献的专家”。现任燕京华侨大学校长,中国侨联华商会副会长,北京市侨联副主席,... 华生,1953年生。1986年被评为首批“国家级有突出贡献的专家”。现任中国侨商联合会常务副会长,北京市侨联副主席,东南大学经济管理学院名誉院长,东南大学教授、博士生... 2016年6月28日 - 不久前,华生夫妇向东南大学捐出1100万元,自然也逃不过媒体的注意,华生被人冠以中国最富有经济学家的名头,不过,更多人关心的问题是,他们何以如此富有... 中国·上海华生电器有限公司 地址:上海市延安西路1211号 邮编:200060 版权所有 Copyright 2011 all rights reserved 华生厨卫电器事业部 电话:+86-760-88777088 传真..."
"- 华生 交电","吉林市华生交电有限公司于2008年7月3日在吉林工商局登记注册,业务经理是李廷生,公司注册资本未提供,我公司的办公地址位于加工制造业比较发达,汽车与石化、农产品加工... 这是公主岭市华生交电集团有限公司在1024商务网的商铺,有产品、新闻、招聘、联系方式等信息的详细介绍,如果你对公主岭市华生交电集团有限公司感兴趣,可以在线联系或... 吉林省华生交电集团有限公司,主要经营:机电/电器/电。... 吉林省华生交电集团有限公司主要经营电器,机电;公司地址:公主岭市光明路农民城 详细信息 主营产品或服务:... 吉林省华生交电集团有限公司是吉林省著名的家电连锁企业,是华生集团的发祥地,其总部坐落在素有“公主故里”之称公主岭市。 上个世纪80年代,伴随着改革开放的春风,... 联系人:杨波 (经理),电话:5883443。 [详细介绍] 联系方式 名称:吉林省华生交电集团有限公司 地址:吉林省公主岭市光明路18号 电话: 传真:-86-0434-6200618... 吉林省华生交电集团有限公司是吉林省著名的家电连锁企业,是华生集团的发祥地,其总部坐落在素有“公主故里”之称公主岭市。 上个世纪80年代,伴随着改革开放的春 这是吉林省华生交电集团有限公司在1024商务网的商铺,有产品、新闻、招聘、联系方式等信息的详细介绍,如果你对吉林省华生交电集团有限公司感兴趣,可以在线联系或留言。 吉林市华生交电有限公司隶属于吉林省华生交电集团有限公司。是吉林市政府部门的招商引资单位,自2009年6月落户江城以来,始终秉承着“倾情用户,成就员工,打造品牌,回... 这里有吉林省华生交电集团有限公司的关于我们、最新产品信息、企业资讯、企业图册等,如果你对我们的产品及服务有兴趣,请与我们联系洽谈。"
"- 固定资产","固定资产的各组成部分具有不同使用寿命或者以不同方式为企业提供经济利益,适用不同折旧率或折旧方法的,应当分别将各组成部分确认为单项固定资产。 [... 2016年8月31日 - 固定资产-固定资产是指企业使用期限超过1年的房屋、机器、机械、建筑物、运输工具以及其他与生产、经营有关的设备、工具、器具等。固定资产是具有以下特征的有形资产... [专业]答案:一、固定资产可以按其经济用途、使用情况、产权归属、实物形态和使用期限进行分类核算。 1.按经济用途分为生产经营用和非生产经营用两类 生产经营用固定... 固定资产的清理是指固定资产的报废和出售,以及因各种不可抗力的自然灾害而遭到损坏和损失的固定资产所进行的清理工作。 固定资产清理属于资产类科目,它是一个过渡... 会计准则规定,已达到预定可使用状态但尚未办理竣工决算的固定资产,应当按照估计价值确定其成本,并计提折旧;待办理竣工决算后,再按实际成本调整原来的暂估价值,但不... [专业]答案:固定资产是指企业使用期限超过1年的房屋、建筑物、机器、机械、运输工具以及其他与生产、经营有关的设备、器具、工具等。不属于生产经营主要设备的物品,...更多关于- 固定资产的问题>> 最佳答案: 固定资产是指使用期限较长，单位价值较高，并且在使用过程中保持原有实物形态的资产。 根据现行行业制度规定，企业使用期限在一年以上的房屋、建筑物、机器... 2013年5月4日 - 1、 固定资产: 指使用期限在一年 (不含 1 年) 以上, 单位价值在 2000 元 (不含 2000 元) 以上,并在使用过程中保持原有实物形态的资产。 2、重要空白凭... 问题描述: 我继续这个 概念[专业]答案:固定资产是指企业为生产产品、提供劳务、出租或者经营管理而持有的、使用时间超过12个月的,价值达到一定标准的非货币性资产,包括房屋、建筑物、机器、机械...更多关于- 固定资产的问题>>"
"- 新网景","新网景主营品牌 公司简介/ABOUT US 郑州新网景科技有限公司创建于1997年,已成功服务客户十余载,是一家以弱电工程为主导的创新型IT公司。公司长期致力于商务通讯... 团购 > 生活服务 > 新网景团购 新网景【推荐】仅售500元,价值600元代金券!节假日通用! 优惠内容优惠内容优惠内容优惠内容优惠内容优惠内容优惠内容优惠内容... 2017年9月5日 - 会昌论坛|会昌新网景-会昌新闻-[乡镇][法律][创业|技术][文学|随笔][校区][技术][视频|音乐][贴图][人在广州|上海|北京|深圳|东莞|汕头|潮州|北京|浙江|... 郑州新网景科技有限公司 主营业务:西门子、松下、NEC、通利、亿泰、TCL、威而信数字程控交换机;云翌IP交换机;通利、沪光程控调度系统;宝利通、因科美电话会议系统;... 这是郑州新网景信息技术有限公司在1024商务网的商铺,有产品、新闻、招聘、联系方式等信息的详细介绍,如果你对郑州新网景信息技术有限公司感兴趣,可以在线联系或留言。 法人名称: 郑州新网景信息技术有限公司 主要经营产品: 银行窗口专用对讲机 , 程控交换机 , 集团电话 , 电话 , 对讲机等 , TCL话机 , 西门子话机 经营状态:... 2016年10月27日 - 新网景网络会所怎么样?赶集网为您提供新网景网络会所的最新招聘信息、公司简介、公司地址、公司规模、岗位福利等详细信息,让您在选择新网景网络会所前... 团购 新网景网吧 新网景网吧 0.0 (0人评价) 地址: 增城区新塘镇新塘大道东奥润购物广场二楼 查看地图 电话: 02082607208 用户评价查看完整地图 手机百度助手... 2016年12月21日 - 执照名称:镇江新网景网络服务有限公司 公司规模:20人以下 公司行业:金融/银行/投资/基金/证券 公司类型:民营 联 系 人:小陈 联系电话: 公司地址:江... 郑州新网景信息技术有限公司创建于一九九七年五月十二日,以可靠的实业背景,敏锐的市场洞察,年轻有为的专业人才,为河南通讯市场写下经典篇章,也为自己铬刻一路辉煌..."
"- 易迅","易迅网晒物评测,专业评测最新、最热门的3c数码产品,掌握产品详细信息。这里有手机评测、耳机评测、笔记本评测、音响评测等。 三星Galaxy S8+ 4+64G全网通 ￥6188元 三星Galaxy S8+ 4+64G全网通 ￥6188元 三星Galaxy S8+ 6+128G全网通, ￥6988元 三星Galaxy S8+ 6+128G全网通,... **电子有限公司... 香港易讯电子有限公司,成立于2005年8月,是一家集成电路为主的半导体独立代理经销商。集半导体销售,技术咨询,信息服务为一体的高科技企业。主要业务... 由于该网站的robots.txt文件存在限制指令（限制搜索引擎抓取），系统无法提供该页面的内容描述 - 了解详情 在易迅家电城,你能得到百分百正品保障!品质低价!且可以享受30天无忧价保!品类涉及电视/冰箱/洗衣机/空调/热水器/厨房电器/健康电器等百余种大小家电产品。 易讯博努力做最专业,最好玩,最热门,最真诚的博彩体育导航门户站!... 易讯博忠告各位朋友,适当娱乐有益身心健康,刺激肾上腺激素排放;但切忌孤注一掷,沉迷其中,荒废人... 易讯科技召开2017年经... 为全面贯彻落实航天通信2017年工作会议精神,做到统一思想,团结奋进全面完成2017年易讯科技的工... 产品中心 易讯科技股份有限公司核心业务... 易迅优惠券使用教程:易迅优惠券怎么用 易迅介绍: 易迅网是依托著名的IT产品通路商上海易迅电子商务发展有限公司而创立的新一代专业电子商务消费服务网站。易迅网利用..."
"- 易迅 电子","易迅网晒物评测,专业评测最新、最热门的3c数码产品,掌握产品详细信息。这里有手机评测、耳机评测、笔记本评测、音响评测等。 **电子有限公司... 香港易讯电子有限公司,成立于2005年8月,是一家集成电路为主的半导体独立代理经销商。集半导体销售,技术咨询,信息服务为一体的高科技企业。主要业务... 成都好易迅电子科技有限公司自成立以来,主要专注于对讲机的研发及批发销售服务,我公司销售的摩托罗拉、好易通、建伍对讲机/车载/中继产品畅销国内还远销海外,深受用户的... 惠州易迅电子是一家生产、加工各类手机、电脑、汽车、医疗设备连接线。... 惠州易迅电子有限公司成立于2012年,是集研发制造和销售各种连接器于一体的专业厂家。公司着力... 嘉兴易迅电子科技有限公司,主要经营:;公司位于美丽的嘉善县罗星街道晋阳东路568号综合楼2号孵化楼2203、2205号。 专业从事会议中控系统、会议矩阵系统等音视频设备的研发、生产、销售、维护于一体的高新技术企业。旗下品牌YIVYSUN系列产品包含多媒体中央控制系统、数字会议系统、数字... 这是易迅电子电器有限公司在1024商务网的商铺,有产品、新闻、招聘、联系方式等信息的详细介绍,如果你对易迅电子电器有限公司感兴趣,可以在线联系或留言。 北京易讯电子设备有限公司是专业从事音视频设备的研发、生产、销售、维护于一体的高新技术企业。旗下品牌YIVYSUN系列产品包含多媒体中央控制系统、数字会议系统、数字音... 上海易迅电子科技有限公司,地址是上海市松江区中山街道中山北路2318号1902室,联系方式是13524312466,021-52406532,主要经营"
"- 易迅 电子 商务","易迅网晒物评测,专业评测最新、最热门的3c数码产品,掌握产品详细信息。这里有手机评测、耳机评测、笔记本评测、音响评测等。 这是上海易迅电子商务发展有限公司在1024商务网的商铺,有产品、新闻、招聘、联系方式等信息的详细介绍,如果你对上海易迅电子商务发展有限公司感兴趣,可以在线联系或... 上海易迅电子商务发展有限公司负责人为卜广齐,成立于2009年10月29,注册资本873.908000 万元,注册号310113000795327,地址在上海宝山区纪蕰路588号-3-3302. 上海易迅电子商务发展有限公司是税务授权公司, 联系人;【林小姐】,联系电话;15112291554,qq;2420118821.可提供做账票合作业务, 公司主营:金属材料、建筑材料、... 上海易迅电子商务发展有限公司 联系人:蔡英琦 电话:021-61831108 传真:- 所在地:中国·上海市 已通过 未通过企业认证检查 正在加载中... 上海市市辖区宝山区纪... 上海易迅电子商务发展有限公司是一家代理贸易公司;专业提供机械、电子、劳保、酒店服务等蕟票代开,公司是一家以铣床、CNC加工以及生产各种高精密机械零件、五金零件、... 易迅网 拉勾认证 易迅网是全国排名领先的B2C购物网站,专注于大3C类电子商务购物与垂直媒体。 暂无 招聘职位 11% 简历及时处理率 7天 简历处理用时 38个 ... 上海易迅电子商务发展有限公司其他 评论(0) 查看 联系人:张先生 固话:021-61831108-60702 邮箱:icsonzhaopin@yahoo.cn 公司地址:上海市宝山区纪蕰路588号(上海..."
"- 普天太力","北京普天太力通信科技有限公司成立于1992年,是中国普天信息产业股份有限公司的全资子公司,主要从事移动通信产品的销售和服务,是中国最大的移动通信产品分销商之一。公... 普天技术被认定为北京市5G传输工... 2017-03-15 勇攀信息技术新高峰 2017-01-25 普天太力与华为消费者业务展开战略... 2016-12-15 普天技术荣获2016中关村... 太力商城tlmall.com-专业的3C产品B2B电商平台,销售正品行货手机及配件、数码通讯、穿戴设备、高性价比平板电脑;完备的销售策略、精简的订货流程和良好的用户体验,能... 2016年8月5日 - 2016年4月22-23日,普天太力在北京召开了2016年一季度经营分析会。会议对今年一季度的经营管理情况进行了全面总结,深入分析了当前面临的形势和存在的问... 2017年8月6日 - 北京普天太力通信科技有限公司-北京普天太力通信科技有限公司,成立于1992年,系中国普天信息产业股份有限公司的全资企业,移动通信产品营销服务商,主要... 2016年12月15日 - 11月23日,普天太力与华为消费者业务在深圳举行战略合作协议签署仪式。普天太力总经理王立国、高级副总经理单昭,华为消费者业务全球副总裁徐钦松、大中... 2016年10月28日 - 10月26日下午,苏宁云商集团COO侯恩龙、副总裁顾伟、苏宁通讯公司副总经理老岳松、北京苏宁副总经理郝嘉等一行到访普天太力。普天太力总裁王立国、高级... 2016年4月25日 - 4月18日,“太力商城”(www.tlmall.com)正式上线,这是普天太力旗下专业3C产品的B2B平台。中国普天常务副总裁徐千,普天太力总裁王立国为“太力商城”上..."
"- 普天太力 通信","北京普天太力通信科技有限公司成立于1992年,是中国普天信息产业股份有限公司的全资子公司,主要从事移动通信产品的销售和服务,是中国最大的移动通信产品分销商之一。公... 普天太力与华为消费者业务展开战略... 2016-12-15 普天技术荣获2016中关村高成长...中新社:中国普天无线数字集群通信... 2013-11-28 行业资讯 更多>> 杨晓东... 2016年8月5日 - 2016年4月22-23日,普天太力在北京召开了2016年一季度经营分析会。会议对今年一季度的经营管理情况进行了全面总结,深入分析了当前面临的形势和存在的问... 2017年8月6日 - 北京普天太力通信科技有限公司-北京普天太力通信科技有限公司,成立于1992年,系中国普天信息产业股份有限公司的全资企业,移动通信产品营销服务商,主要... 北京普天太力通信科技有限公司成立于1992年,是中国普天信息产业股份有限公司的全资子公司。公司拥有正式员工1200余人,平均年龄30岁,是一支年轻的、充满活力和创造力的... 这是北京普天太力通信科技有限公司在1024商务网的商铺,有产品、新闻、招聘、联系方式等信息的详细介绍,如果你对北京普天太力通信科技有限公司感兴趣,可以在线联系或... 2017年1月26日 - 1月25日上午,迪信通集团董事长刘东海、高级副总裁刘文萃等一行到访普天太力。普天太力总裁王立国、高级副总裁单昭等热情接待了到访的来宾,并就双方的... 公司行业: 通信/电信运营、增值服务,通信/电信/网络设备 公司地址: 北京海淀北二街6号普天大厦12层 查看公司地图 公司介绍 北京普天太力通信科技有限公司成立于199..."
"- 监狱","去过中部一个省份的省看守所，里面关押的有未决犯也有已决犯，基本是厅级以上的各种人员。 按照刑诉法规定，剩余刑期一年以上... 2016年12月15日 - 监狱-广义的监狱指关押一切犯人的场所,包括监狱,看守所,拘留所等。狭义的监狱指依照刑法和刑事诉讼法的规定,被判处死刑缓期二年执行、无期徒刑、有期... 许晓刚强调:把握三项原则推进宿州监狱布调建设 全力以... 许晓刚强调: 把握三项原则推进宿州监狱布调建设 全力以赴提升安徽现代化监狱建设水平 ... 沈德明赴女子、... 星城监狱警察在全国创业培训讲师大赛中获殊荣09-13 津市监狱开展岗位技能系列比武活动09-11 三年帮扶显成效09-08 岳阳监狱警察肖坤陵成功晋级团课大赛决赛09-08 长沙... 深圳监狱门户网站是深圳监狱官方网站... 9月11日,司法部部长、党组书记张军在广东深圳调研司法行政工作。张军强调,要深入贯彻落实习近平总书记系列重要讲话精神和治国理... 江苏省监狱管理局罪犯暂予监外执... 09-11 江苏省监狱提请罪犯减刑假释情况... 09-07 江苏省苏州监狱提请罪犯减刑假释... 09-07 江苏省南通女子监狱提请..."
"- 网新","通化百业信息,打造通化地区的商业信息及分类信息网站... 汇丰后面育新小学门... 光明路站点 求租通化市、二道江... 公寓单间出租 金城商厦后侧 胜利路手足外科医院... 5天前 - 阳光迎来1万家企业会员; 太仓人才网最新招聘信息; 太仓找工作; 太仓人才网手机版...太仓南雁新能源传动有限公司 [浏河] 聘: 计量员(4000+); 安全员兼... 宁波云朵网络科技股份有限公司(股票代码:833457)前身为“象山海芯信息技术有限公司”,创建于2003年6月,后于2006年4月重新组建。最初由四名宁波象山籍留学生、大学... 《新飞飞》新资料片“异域远征军”火热上线。跨服去见隔壁老王,待客有美味辣条、昨晚的100块和魔鬼滑板鞋,还送火影忍者和海贼王手办哦! 新生,我主宰!正版授权手游《新大主宰》震撼来袭!《新大主宰》改编自起点白金级作家天蚕土豆所著玄幻小说《大主宰》。游戏高度还原《大主宰》中的个性人物... 最新最全的网页游戏尽在07073游戏网游戏入库,方便玩家在第一时间查看最新最全网页游戏信息,体验最新最好玩的网页游戏 《新动巴士通》是杭州移动电视自办的路况直播栏目,以“公共出行资讯+实时路况直播”为主要播出形式,利用交警实时监控系统,播报杭州主城区的交通以及公交运营情况等。... 新为是e-learning解决方案领导品牌,14年专注,6000多家企事业单位和140多所高校成功案例,是国内专业的学习系统、考试系统和移动/微信学习平台提供商,提供在线学习系统..."
"- 网新 数码","浙江网新数码有限公司是由浙江浙大网新图灵信息科技有限公司投资成立的高科技企业,成立于2004年7月,注册资本为1000万元,年营业额逾10亿,业务范围涉及浙江,上海,江西... 浙江浙大网新图灵科技有限公司是浙大网新科技股份有限公司旗下的主力企业*,注册资本一... 浙江网新数码有限公司 联系人:郑秀丽 电话:点击查看联系方式 传真:86057185127... 这是浙江网新数码有限公司在1024商务网的商铺,有产品、新闻、招聘、联系方式等信息的详细介绍,如果你对浙江网新数码有限公司感兴趣,可以在线联系或留言。 浙江浙大网新图灵科技有限公司是浙大网新科技股份有限公司旗下的主力企业之一,注册资本一亿元,专业从事信息服务领域,涉及信息安全、网络集成、终端设备分销、外包服务、... 供应链金融融合互联网初步形成了两条路径:一是在既有模式基础上,发展线上供应链融资,二是供应链金融与自营电商、纯电商平台的合作也充满了想象空间。 网新数码有限公司联系人:,网新数码有限公司网址:,电话:0575-85120339,邮箱:,地址:浙江省.绍兴市中兴中路215号华丰大厦颐高数码广场1032号,传真: 浙江网新数码有限公司,位于中国 浙江 杭州市 教工路1号数源软件园8号楼5楼,主要经营,联系人:郑秀丽;电话:86 0571 0571-85021000/88279756;手机:13685789233,如... 2015年3月20日 - 2012年,陈昌庭的企业成为中行浙江分行与网新数码线上供应链融资“第一个吃螃蟹的人”。彼时,他通过融信达获得融资130万元,逐年增加180万、200万,到... 网新数码科技有限公司是专业从事网络游戏虚拟装备的销售和中介平台业务,斥资百万打造中国最大的虚拟物品在线交易平台(CtoC)。目前处于飞速发展壮大期,急需有游戏经验以及... 企业名称:浙江网新数码有限公司 统一社会信用代码:913301057620358166 工商注册号:330100000007336 经营状态:在营(开业) 企业机构类型:其他有限责任公司 成立日期:2004-0..."
"- 腾信百纳","商铺名称: 深圳市腾信科技有限公司 深圳市腾信科技有限公司是一家专业研发销售GPS导航、定位、授时、控制等空间信息业务的企业。腾信科技业务发展方向分为北斗移动... 自定义魔法页,不需要通过腾信的官方审核,可以做无限展示页面 无缝衔接 所有版本小程序和公众号信息无缝连接,数据同步 即用即走 轻量化微信服务应用,每一功能操作... 由于该网站的robots.txt文件存在限制指令（限制搜索引擎抓取），系统无法提供该页面的内容描述 - 了解详情 深圳腾信百纳科技有限公司招聘,58同城官方网站,提供最新招聘信息、公司地址、电话、工资待遇、公司介绍等信息;深圳腾信百纳科技有限公司怎么样,上58同城全知道 这里是深圳腾信科技有限公司公司顺企网商铺 ,我们地址在中国 广东 深圳市南山区 南山区天利广场2509室,我们主要经营移动电源 ; 数码相框 ; ESR反射膜 天猫乐视手机官方旗舰店号称是官方,公司名却是深圳腾信百纳科技有限公司,而且卖的手机不开发票,开的是购机专用凭证,盖的不是发票章,是“深圳腾信百纳科技有限公司...更多关于- 腾信百纳的问题>> 欢迎光临深圳市腾信科技有限公司,您可以通过本页面查找有关深圳市腾信科技有限公司产品、解决方案、技术支持、公司人员招聘等的各类信息,搜索难解技术问题的答案,以及... 2017年6月9日 - 查深圳腾信百纳科技有限公司企业信用,电话,地址,法人,社会信用代码,工商注册号,经营状态,企业机构类型,法定代表人,注册资本,地址,经营业务范围等信息,... 启信宝为您提供深圳腾信百纳科技有限公司的联系方式、深圳腾信百纳科技有限公司企业简介、深圳腾信百纳科技有限公司信用报告、深圳腾信百纳科技有限公司 股东法人、公司... 【12-05 乐搞机】有在天猫乐视腾信百纳手机专卖店买乐视手机的嘛 只看楼主 收藏 回复奔跑吧梅 喜闻乐见 3 我在这家买的乐视1,给我寄过来的发票是假..."
"- 英普瑞生","添运娱乐官网地理位置优越,交通便利。我厂凭借着强大的综合实力、过硬的产品质量赢得了全国各地新老用户的支持与信赖,添运娱乐官网同时具有从事多年机械制造、精密加工... 重庆英普瑞生通讯设备有限公司,成立于2002年。公司是一家集零售连锁、贸易批发、专业售后为一体的综合性通讯公司,公司在通讯行业有着十一年的经营历史与专业经验,同时... 成都英普瑞生通讯设备有限公司 联系人:王萍 电话:86613311 手机: 经营模式:暂未提供 地址:四川省成都市青羊区四川省成都市青羊区太升南路184号 工商注册信息: ... 成都英普瑞生通讯设备有限公司成立于1992年,总部注册于四川成都,公司二十年来专注于中国电信移动终端市场渠道拓展、零售连锁、电信业务代理等业务发展,现有员工2000余人... 查看全部面试1条 想知道英普瑞生怎么样?看准网(Kanzhun.com)免费提供英普瑞生招聘、英普瑞生工资、英普瑞生面试、评价、工作环境招聘及员工等英普瑞生的信息。 工资... 现在的位置: 首页 > 英普瑞生> 手机 宽带 宽带续约 单宽带 宽带+手机套餐+电信电视 电信电视 手机 合约机购买 单机购买 上网卡 农商行担保购机 电... 成都英普瑞生通讯设备有限公司成立于1992年,总部注册于四川成都,公司二十年来专注于中国电信移动终端市场渠道拓展、零售连锁、电信业务代理等业务发展,现有员工2000余人... 公司名称: 重庆英普瑞生通讯设备有限公司 经营场所: 重庆市九龙坡区科园一路10层9号 注册日期: 貳零零柒年 企业类型: 有限责任公司 企业状态: 存活(数据缓存:... 最佳答案: 我在那做过,8点半上班,6点下班,单休。不带工作牌罚款,穿的衣服不合公司要求也罚款,总之是各种罚款。由于我的直接上司比较变态,自己喜欢加班,那是她...更多关于- 英普瑞生的问题>> 这是重庆英普瑞生通讯设备有限公司在1024商务网的商铺,有产品、新闻、招聘、联系方式等信息的详细介绍,如果你对重庆英普瑞生通讯设备有限公司感兴趣,可以在线联系或..."
"- 英普瑞生 通讯设备","20多年以来,添运娱乐平台的企业文化作为实宝来强大的软件支撑,使实宝来成为中国游乐设备制造业的领航者。实宝来的技术和产品在国内外很多地区得到成功运用,得到了客户... 成都英普瑞生通讯设备有限公司成立于1992年,总部注册于四川成都,公司二十年来专注于中国电信移动终端市场渠道拓展、零售连锁、电信业务代理等业务发展,现有员工2000余人... 成都英普瑞生通讯设备有限公司 联系人:王萍 电话:86613311 手机: 经营模式:暂未提供 地址:四川省成都市青羊区四川省成都市青羊区太升南路184号 工商注册信息: ... 成都英普瑞生通讯设备有限公司成立于1992年,总部注册于四川成都,公司二十年来专注于中国电信移动终端市场渠道拓展、零售连锁、电信业务代理等业务发展,现有员工2000余人... 公司名称: 重庆英普瑞生通讯设备有限公司 经营场所: 重庆市九龙坡区科园一路10层9号 注册日期: 貳零零柒年 企业类型: 有限责任公司 企业状态: 存活(数据缓存:... 成都英普瑞生通讯设备有限公司位于四川省成都市青羊区太升南路184号。展望未来,我们将坚持贯彻以“质量为本、诚信服务”的方针;以“客户受益是生存之本、客户成功是... 重庆英普瑞生通讯设备有限公司,成立于2002年。公司是一家集零售连锁、贸易批发、专业售后为一体的综合性通讯公司,公司在通讯行业有着十一年的经营历史与专业经验,同时... 成都英普瑞生通讯设备有限公司,主要经营通讯设备的销售、安装、维修服务;销售:电子器材、照相器材、文化用品、体育用品、服装。,于2003年3月18日在成都工商局登记注册... 这是重庆英普瑞生通讯设备有限公司在1024商务网的商铺,有产品、新闻、招聘、联系方式等信息的详细介绍,如果你对重庆英普瑞生通讯设备有限公司感兴趣,可以在线联系或..."
"- 荻原","萩原工業株式会社は、常に進化させていく次世代フラットヤーン技術とスリッター等の関連機械で、安全で快適な環境を提供します。 别名: 小池竹蔵 荻原秀樹 おぎはら ひでき Ogihara Hideki 性别: 男 生日: 1972-11-29 引用来源: anidb.net谁收藏了荻原秀樹?... Kaller-荻原汽车设备技术(烟台)有限公司,主要从事的业务有模具、夹具及其标准件、汽车配件及其零件、金属制品、机械设备、气动、电动及五金工具、量、刃具的批发,佣金... 荻原久留美(荻原くるみ (おぎわらくるみ、1993年10月14日 - ),日本AV女优。...... 荻原久留美(荻原くるみ(おぎわらくるみ、1993年10月14日- ),日... 萩原電気の公式企業サイトです。萩原電気株式会社は、エレクトロニクス・ネットワークの先端技術をベースに、優れた耐久性や高い信頼性をあらゆる事業... 荻原成浩,漫画《黑子的篮球》中的角色,出现于漫画214Q与黑子的手机通话记录中。喜欢的食物是のりたま(一种紫菜和鸡蛋做的米饭上洒的调味料),兴趣为MTB(山地... 荻原成浩(竹马君),作为帝光篇故事开头的一个线索人物,虽然多数为酱油出场,但确确实实在整部《黑子的篮球》里起到了不可忽视的... [视频]时长 04:51"
"- 荻原 泰山友","这是福州荻原泰山友模具冲压有限公司在1024商务网的商铺,有产品、新闻、招聘、联系方式等信息的详细介绍,如果你对福州荻原泰山友模具冲压有限公司感兴趣,可以在线... 福州荻原泰山友模具冲压有限公司整体工资水平在¥2K-50K之间,来自7条样本,其中最多人拿3K-4.5K,占57.1%。想了解公司薪酬分析,就上职友集。发现和了解你未来... 商虎中国(sonhoo.com)供应商福州荻原泰山友模具冲压有限公司,位于福建 闽侯县祥谦镇洋下村,主要经营:汽车配件,如需购买汽车配件,欢迎联系洽谈! [福州荻原泰山友模具冲压有限公司]联系方式,[0086-0591-38205888、0086-0591-22777790、闽侯县祥谦镇洋下村、linqin@fots.cc] 本公司由日本株式会社荻原(OGI)与泰国泰山友(TSA)共同投资组建的一家外商合资经营企业,注册资本1850万美元,总投资额达5250万美元,占地125亩,公司地址在福建省福州市... 常熟泰山友荻原汽车部件有限公司是一家研发、生产汽车车身冲压钣金件和模具的外商合资企业。由泰国THAI SUMMIT AUTOPARTS INDUSTRY CO. , LTD 和日本OGIHARA(荻原)... 福州荻原泰山友模具冲压有限公司悉知搜索已经和全国工商信用数据实时对接,查看工商信息。请点击前往新版 >联系方式 在线地图 留言评价联系方式 联系人: 手机: 电话:... 最佳答案: 福建戴姆勒汽车项目于2007年8月底正式开工,由福建省汽车工业集团有限公司和戴姆勒轻型汽车(香港)有限公司合资建设,项目总投资2.08亿欧元,主要生产梅塞德斯—...更多关于- 荻原 泰山友的问题>> 荻原泰山友模具冲压公司 我要点评 电话:暂无电话 地址:福建省福州市闽侯县洋洲路【报告地址电话错误】 查看大地图:荻原泰山友模具冲压公司 酒店机票预订: 福州..."
"- 荻原 泰山友 模具","这是福州荻原泰山友模具冲压有限公司在1024商务网的商铺,有产品、新闻、招聘、联系方式等信息的详细介绍,如果你对福州荻原泰山友模具冲压有限公司感兴趣,可以在线... 商虎中国(sonhoo.com)供应商福州荻原泰山友模具冲压有限公司,位于福建 闽侯县祥谦镇洋下村,主要经营:汽车配件,如需购买汽车配件,欢迎联系洽谈! 福州荻原泰山友模具冲压有限公司(该职位已过期)单位简介 本公司由日本株式会社荻原(OGI)与泰国泰山友(TSA)共同投资组建的一家外商合资经营企业,注册资本1850万... 福州荻原泰山友模具冲压有限公司整体工资水平在¥2K-50K之间,来自7条样本,其中最多人拿3K-4.5K,占57.1%。想了解公司薪酬分析,就上职友集。发现和了解你未来... [福州荻原泰山友模具冲压有限公司]联系方式,[0086-0591-38205888、0086-0591-22777790、闽侯县祥谦镇洋下村、linqin@fots.cc] 荻原泰山友模具冲压有限公司联系人:,荻原泰山友模具冲压有限公司网址:,电话:0591-22779976,邮箱:,地址:福建省.福州市闽侯县青口镇千家山工业区,传真: 福州荻原泰山友模具冲压有限公司悉知搜索已经和全国工商信用数据实时对接,查看工商信息。请点击前往新版 >联系方式 在线地图 留言评价联系方式 联系人: 手机: 电话:... 正在查看福州荻原泰山友模具冲压有限公司招聘信息,还可查看“福州机械制造/机电/重工”招聘信息。把福州荻原泰山友模具冲压有限公司招聘信息分享到: 更多 ... 本公司为福建奔驰汽车工业有限公司一级配套企业,由日本株式会社荻原(OGI)与泰国泰山友(TSA)共同投资组建的一家外资企业,注册资本2183万美元,总投资额达5916万美元,..."
"- 银丰","2017年9月9日,山东银丰集团向山东大学捐赠签约仪式在山东大学中心校区举行。山东银丰集团向山东大学捐赠壹仟万元人民币,支持山东大学发展。... 了解详情 银丰生物... 北京银丰新融科技开发有限公司(简称:银丰新融)成立于2000 年,自创立以来一贯专注于金融监管、风险管控等领域的信息系统建设,拥有目前国内金融风险领域最大的信息技术... 湖北银丰实业集团有限责任公司是湖北省供销合作总社全资涉农支柱企业,在原省棉花总公司的基础上,于2001年改制而来,注册资本15665万元。经过60多年的棉花经营,建立了... 平阴银丰公馆项目土石方工程施工招标资格预审公告[2017-09-21] 平阴银丰公馆项目施工总承包招标资格预审公告[2017-09-21] 平阴银丰公馆项目工程监理单位招标资格预审公... 2017年9月14日 - 青岛银丰故里售楼电话(400-810-0532转129),优惠打折(15万惠),最新房价,项目地址,交通和周边配套,开盘动态,户型图,实景图,工程进展等楼盘信息,最全最... 2007 年成立,是新疆银丰现代农业装备股份有限公司的全资子公司。是新疆第一家农机“4S”店,对构建兵团农机行业服务体系和农机新技术推广应用具有重要意义。 公司现... 7天前 - 银丰唐郡商铺在售,牡丹园沿街商铺,面积150-230㎡,准现房,均价20000元/㎡;近期将推出玫瑰园商铺,面积40-120㎡。项目为低密小高层,东侧紧邻围子山,小... 天津市银丰机械系统工程有限公司,是成立于1988年的国企改制单位,生产出中国第一台钢筋加工机器人和柔性焊网机等。主要产品:数控钢筋桁架生产线,柔性焊网机,数控钢筋... 2007年11月22日 - 正在观看:银丰 已看至00:00 立即下载腾讯视频APP iPhone客户端 iPad客户端 Android客户端 请根据您的设备选择下载版本 举报 上传者其他视频 04:17..."
"- 银丰 发展","2017年9月9日,山东银丰集团向山东大学捐赠签约仪式在山东大学中心校区举行。山东银丰集团向山东大学捐赠壹仟万元人民币,支持山东大学发展。... 了解详情 银丰生物... [银丰产业·投资 置业 中药 商贸 能源 ] 银丰·世纪城项目是银丰集团首批住宅,总占地面积1032亩,总建筑面积200万平方米,绿化率30%,容积率2.5,车位数680个。总户... 2016年9月16日,山东省房地产业协会五届三次理事会议暨2016山东省房地产发展高峰论坛在舜耕会堂隆重举行。会上经副会长单位推荐、驻会会长办公会议讨论,同意银丰地产... 2015年8月25日 - 夯实基础、共赢发展—银丰新融召开2015半年总结会议(2015-08-25 11:02:07) 转载▼标签: 股票 反洗钱 8月17... 广西银丰发展有限公司主要经营房地产开发经营、市政工程施工(取得相应许可证或资质证后方可开展经营活动);对土木工程、建筑业、线路管理和设备安装业、装修装饰业、房... 广西银丰发展有限公司主要经营:房地产开发经营、市政工程施工(取得相应许可证或资质证后方可开展经营活动);对土木工程、建筑业、线路管理和设备安装业、装修装饰业、... 2017年3月1日 - 在新能源产业蓬勃发展的时代背景下,银丰·新能源+互联网产业园应势而生! 项目由银丰地产与历城区政府、山东省电力协会三方联合钜献,位于济南东部产业... 2016年10月19日 - 近年来,在县委、县政府的坚强领导下,崔寨镇以新型城镇化建设引领美丽崔寨发展为主线,不断加快新型农村社区建设,银丰前街项目实现了快速推进。 工作中,... 2015年12月31日 - 银丰唐郡位于唐冶片区,目前看来应该算是济南最东边的区域了,尽管这几年有不少...但是要满足日常的各种生活..."
"- 银丰 发展 有限责任公司","2017年9月9日,山东银丰集团向山东大学捐赠签约仪式在山东大学中心校区举行。山东银丰集团向山东大学捐赠壹仟万元人民币,支持山东大学发展。... 了解详情 银丰生物... 湖北银丰实业集团有限责任公司是湖北省供销合作总社全资涉农支柱企业,在原省棉花总公司的基础上,于2001年改制而来,注册资本15665万元。经过60多年的棉花经营,建立了... 最新资讯 贾庆林实地考察调研广西玉林银丰国际中药港 集团新闻 住建部批准福建省成龙集团有限公司房地产开发一级资质延续 2017.04.25 玉林市委书记莫恭明调研玉林... 公司名称: 安徽银丰科技发展有限责任公司 职位名称: 工作地区: 工作经验: 指您在该公司工作时的工作经验 工作性质: 是否在职? 在职 已离职 离职时间: ... 公司名称:安徽银丰科技发展有限责任公司 公司规模:100-499人 公司行业:计算机/网络/通信 公司类型:民营 联 系 人:潘先生 联系电话: 公司地址:安徽合肥合肥... 银丰实业集团有限责任公司,位于湖北省武汉市。查企业,用悉知!... 银丰实业集团有限责任公司悉知搜索已经和全国工商信用数据实时对接,查看工商信息。请点击前往新版 >... 2017年7月28日 - 人告别年味犹存的故土乡关,肩负着开荒拓土之重任,远赴新疆,去到棉花产业的源头,在新流转的2.3万亩广袤土地上,试点棉花种植,探索银丰棉花转型发展之... 安徽银丰科技发展有限责任公司 公司性质: 民营 公司规模: 100-499人 公司行业: 通信/电信运营、增值服务,通信/电信/网络设备 公司地址: 合肥市CBD中央广场..."
"--","最佳答案: ①妻儿肉②治眼盲,隧道黑,以为还没好③头发缠,男子以为是水草④妹妹以为再有葬礼就可以看到男人了⑤这个不会⑥另一个侏儒把瞎子侏儒家具腿锯了,让他... 2015年10月18日 - 作者:易龙龙 时间:2015-10-18 17:31:49 @数星星和月亮 2015-10-18 17:30:16 心疼你,baby,手术那么疼,还要... 儒释道大成就者南怀瑾先生著作阅读,推荐的佛经阅读,南先生和太湖大学堂最新动态,南先生的学生动态,准提法会消息,准提法资料,佛教论坛,准提论坛 2014年3月3日 - G8P-1C4P-24V G8P-1A4P-12V PDF 规格参数_电子/电路_工程科技_专业资料。...(-BG: 20A at 250VAC) 20A at 28VDC 30A (-BG: (-BG: 20A) ---) ... 烟悦网是国内最大的烟民交流网站,拥有火爆烟民交流社区,提供香烟价格、香烟图片查询,香烟真伪鉴别知识,权威的香烟资料库。【吸烟有害健康 本站不出售香烟】 中国销量第一的出纳软件;唯一经财政部、工信部评审通过颁发'软件产品证书'的出纳软件;唯一被第三方媒体评为'最好用的出纳软件';唯一集成出纳资金管理、往来账款管理... 中国农大国际创业园3号楼B座3018(邮编100193) 8610-69908008 hello@dasung.com QQ: 1523174501 Copyright © DASUNG 2017 京ICP备14035242号-1... 香客网作为全球首家提供香客在线上香、朝圣、问圣、祭祖服务于一体的社交平台,推崇传统文化中的“有容乃大”“兼容并包”的思想,通过对香客文化的挖掘和弘扬,立足... 懒人图库专注于提供网页素材下载,其内容涵盖网页素材,矢量图素材,JS代码,psd素材,导航菜单,PNG图标等,让任何一个网页设计师都能轻松找到自己想要的素材!"
"-- 李学勇","2015年11月29日 - 财新记者获悉,日前,江苏省委决定,石泰峰同志任省政府党组书记,李学勇同志不再担任省政府党组书记职务。这意味着石泰峰将有望接替李学勇,候任江苏省长... 江苏 江苏新闻 江苏各地新闻... · 财政部在江苏召开专题调研座谈会 楼继伟李学勇出席 2015-10-23 11:51 · 省政府召开常务会议 李学勇主持会议 2015-01-05 07:1... 2015年11月30日 - 江苏省长李学勇请求辞职原因,李学勇今年9月满65岁,他在辞职请求中说:由于年龄原因,根据《地方组织法》的有关规定,现请求辞去江苏省省长职务。 据交汇... 2015年11月30日 - 今天(11月30日),江苏省十二届人大常委会第十九次会议接受李学勇辞去江苏省省长职务的请求。从2010年12月8日被任命为江苏省副省长、代理省长职务算起,... 2017年4月20日 - 李学勇_李学勇[原江苏省省长]-李学勇,男,汉族,1950年9月生,河北石家庄人,1974年3月加入中国共产党,1968年6月参加工作,北京化工学院高分子系高分子化工专业毕业,... 李学勇辞职,辞职内幕引人深思!11月30日上午,在江苏省第十二届人大常委会第十九次会议上,江苏省委副书记、省长李学勇提交了辞职请求,石泰峰作为江苏省副省长... 2015年11月30日 - 这是李学勇给江苏老百姓留下的深刻印象。翻开他的履历,可以发现:李学勇当过兵、做过工人、任过教师,丰富的历练和长期在国家部委担任领导职务的经历,让李学勇具备了..."
"--徐禅","2016年2月23日 - 徐禅在宝宝的守军本里打酱油被踢 自己建了个队伍 不停捣乱拉脱boss 还企图黑箱子 最后一个boss实在老脱我们出去了 他自己喊人进去打完了 送TA礼物 回... 本吧热帖: 1-嗨,欢迎来到本吧,您可以在此畅所欲言!... 徐禅是狗吧 关注: 0 贴子: 1 目录: 其他 看贴 图片 精品 群组 0 嗨,欢迎来到本吧,您可以... 2009年11月19日 - 为什么找不到我想找的徐禅的博客 名人 匿名 09-10-30 匿名提问 发布 1个回答 时间 投票 0 vuwvnvkt NPC唐僧 在 黑风山 FB里面 ! 09-11-19 |... 2015年9月25日 - 声明:徐禅頔姓名测试报告仅属文字分析,未指定出生时间和地点,请勿自行对号入座,本文仅供参考不作其他用途。徐禅頔的姓名五格评分: 95分 姓名评分不高?想改变命运?... 2015年4月26日 - 她叫徐禅,住在安丰乡高围村的,详细地址我却没有。今年也有三十多岁啦吧!老公是2000几年在县里安纺上班是认识的一个沅江的男孩,结婚后,男孩的父母也搬... 解红桑《夏蝉`不夏》,主角:徐禅,夏络天,曲洋 ┃ 配角: ┃ 其它:,花季雨季 怅然若失 最新更新:2014-01-09 17:07:51 作品积分:128278 2017年5月11日 - 太和县徐禅小学留守儿童假期帮扶登记表_育儿理论经验_幼儿教育_教育专区 暂无评价|0人阅读|0次下载|举报文档太和县徐禅小学留守儿童假期帮扶登记表_育... 四川成都温江_徐禅颜_静夜思 类别: 【其他】 7次播放分享到: 获取声音链接 收起 7次 00:00/00:43 00:00 7天前 下载到手机 赞(0) 评论(0) 转采(0)... 查看徐禅 (中国) 的领英档案。加入领英,找找同事同学,结识业界同行,与其他职场人士一起驰骋职场。"
"--靳鹏慧","靳鹏慧圈子信息展示,提供最新靳鹏慧关注的圈子,明星圈子动态,热门圈子推荐等信息。... 靳鹏慧这家伙很懒,什么也没有留下 0/70 保存 取消 动态 圈子 视频 ... 爱奇艺靳鹏慧信息介绍,靳鹏慧泡泡评论动态信息。... 靳鹏慧这家伙很懒,什么也没有留下 0/70 保存 取消 动态 圈子 视频 播单 订阅 Ta还未发布任何动态～... 1 901016100100 沈瑶 16电商1 03706 思想道德修养与法律基础 96 2 901016100138 姜佳伶 16电商1 03706 思想道德修养与法律基础 92 ... 2014年2月26日 - 张庆瑞老师和申培青校长还探访了楼板寨乡中王晓敏、王亚芳和吴晓风、楼板寨沙话小学靳鹏慧、张昕和高超,及时更换了由于学生使用不慎而换掉的煤气报警... 靳鹏慧 | 浏览483 次 发布于2011-02-03 12:18 最佳答案 东北 本回答由提问者推荐 评论 0 0 1429252550 采纳率:12% 擅长: 生活 烦恼 为您推荐:其他...更多关于--靳鹏慧的问题>> 靳鹏慧这家伙很懒,什么也没有留下 0/70 保存 取消 动态 圈子 视频 播单 订阅 Ta还未创建任何播单～ 加载更多 正在加载中,请稍候... 没有更多... 2012年1月19日 - 靳鹏慧 岑余沁 俞隽位 姜玄普 欧阳闻团 薛阔录 边舟军 曲鸣将 丛骁攀 邢巍考 詹琳会 阎梅桃 池宽 苗由记 郎韬灯 庞厚火 沈娃苏 冯杭菊 马斯公 辛叙... 2015年4月18日 - 陈丹周娟靳鹏慧 马海燕 湛山 严小敏 杨晓朱陈 陈妮希 魏瑜琳 马琴 邬莹莹 李先进 李成莉 田琴 李海燕 政 彭吉沈俊王苗 李权润 刘 璇何先阳 吴 郑玉婷 ... 查看靳鹏慧的领英职业档案。领英是全球领先的商务人脉网络,帮助像靳鹏慧这样的职场人士找到企业内部联系人,并通过这些人脉来联系职位候选人、行业专家和商业伙伴。 靳鹏慧这家伙很懒,什么也没有留下 0/70 保存 取消 动态 圈子 视频 播单 订阅 Ta还未上传任何视频～ 回到顶部 意见反馈 软件下载 ..."
"-DH-","DH-VT110图像采集卡是我公司自主开发的彩色/黑白图像采集卡。它具有使用灵活、集成度高、功耗低等特点,采用PCI总线,所采集的图像数据传输基本不占用CPU时间,并可将... DH-HV-U系列包括多款面向工业级应用的USB 2.0数字相机产品,采用了行曝光(Rolling Shutter)高分辨率CMOS图像传感器。DH-HV-U系列采用USB 2.0标准接口传输图像数据,安... 您现在的位置:大恒图像 >> 工业相机 >> 大恒图像 >> HV-U2系列工业相机 >> DH-HV-U-M系列 >> DH-HV5051UC/UM-M 商品分类图像采集卡 (43)... GST-DH9200-2剩余电流式电气火灾监控探测器使用双重供电方式和成熟的总线技术,工作稳定可靠。该探测器应用方式灵活,可以应用于总线式的漏电报警系统。我们为您提供GST... Department of Health (United Kingdom), a branch of government DH Press, the Dark Horse Comics imprint that publishes novelsScience... DH家居一直为顾客提供量身定制的专属家居服务,致力于研发家居行业的优秀产品,以满足不同顾客的多样需求,主要服务包括现代风格设计及系列产品,美式风格设计及系列产品,... 2011年4月4日 - 1770-DH_网络电缆_信息与通信_工程科技_专业资料 暂无评价|0人阅读|0次下载|举报文档 1770-DH_网络电缆_信息与通信_工程科技_专业资料。1770-DH_网络... 2013年1月4日 - DH密钥交换算法 2013-01-04 09:45 28933人阅读 评论(2) 收藏 举报 分类: 数据加密(12) 作者同类文章X 迪菲-赫尔曼密钥交换(Diffie–Hellman key exch..."
"-DH- 京东","京东JD.COM是国内专业的网上购物商城,为您提供DH价格、DH评论、DH导购、DH图片等相关信息 dhh官方旗舰店,提供dhh官方旗舰店各类正品商品的报价、促销、评论、导购、图片等信息,欢迎您再次光顾dhh官方旗舰店 卡西欧(CASIO) GY-120-SU-DH 语音计算器 金色 京东价: 暂无报价 新人188礼包移动专享 加载中,请稍候... 品牌: 卡西欧(CASIO) ♥关注 商品名称:卡西欧GY... 我的京东 加载中,请稍候... 0去购物车结算 加载中,请稍候...DH旗舰店 9...关于我们|联系我们|联系客服|合作招商|商家帮助|营销中心|手机京东|友情链接|销售... 京东超市乐佳善优美国原装进口DHA藻油软胶囊马泰克DHA孕产妇型45粒 2.4万+条评价 自营 对比 关注 加入购物车 ¥499.00 京东超市纽曼思(Nemans)藻油DHA... 京东配送 货到付款 仅显示有货 全球购 确定 深层清洁 ¥198.00 【京东超市】蝶翠诗(DHC)橄榄卸妆油2瓶 (卸妆油120ml*2) 9.7万+条评价 自营 对比... 京东JD.COM是国内专业的DH套装网上购物商城,提供DH套装价格,报价,参数,评价,图片,品牌等信息.买DH套装,上京东就购了. 松下(Panasonic)SR-DH152 微电脑电饭煲 京东价: 暂无报价 新人188礼包移动专享 加载中,请稍候... 品牌: 松下(Panasonic) ♥关注 商品名称:松下SR-DH152 ... 卖家: dhh官方旗舰店 卖家资质: 综合评分: 9.56 与行业相比: 23.21% 网店经营者资质信息公示 京东商城网店经营者资质信息 根据国家相关政策要求对网店... 京东配送 货到付款 仅显示有货 确定 < > ¥3580.00 GREE/格力 DH40EF 除湿机节能抽湿机 家用工业除湿机 7条评价 关注 < > ¥3380.00 格力..."
"-DH- 京东 仓TC","最佳答案: 京东所售HTC商品均是全新正品大行货,而且会提供正式机打发票的,楼主放心吧更多关于-DH- 京东 仓TC的问题>> 2015年3月10日 - TC仓具体地址 Ø北京TC收货地址:北京市通州物流园区马驹桥镇团瓢庄村南工业 区 99号 Ø广州TC收货地址:广州市黄埔区护林路1199号状元谷电子商业园京东... 2017年1月4日 - 京东自营TC预约武汉仓,是要我们把货送过去还是他们过来取? 我是刚开始做京东自营的菜鸟有很多问题不懂,有没有大神为小弟解答疑惑的。QQ1025286042 私... 最佳答案: 京东自营的物流之所以快,那是缺少了许多没必要大环节,商品在仓库下单即处理,在京东除了自营其他的亘天猫对比一丁点优势都没有更多关于-DH- 京东 仓TC的问题>> 2016年1月23日 - 成都TC 400-622-5686-02811 四川省成都市高新西区双柏路77号普洛斯物流园二期京东商城图书仓B7-203 武汉TC 400-622-5686-02711 武汉市新洲区阳逻经济... 2017年9月13日 - 关键字: 京东TC物流 顺义京东仓库 京东物流 小贴士:京东TC入仓物流 顺义京东进仓 京东交仓 京东TC物流信息由列表网网友发布,其真实性及合法性由发布人负责。列表... 京东这个仓库不是按照省划分的。是按照区域的。华北的在北京马驹桥更多关于-DH- 京东 仓TC的问题>> 海外TC仓 海外TC仓功能 货源地分货,多地备货 集货、拼货 增值服务(验货,理...京东为全球购POP商家提供国际运输、清关系统对接及信息推送、仓储、配送等一条龙... 2015年11月10日 - TC业务 一、TC模式简介 二、TC布局和规划 三、TC的服务 四、TC操作流程五、费用结算 京东商城仓储部 1 TC模式简介北京仓 沈阳仓 上海仓 武汉仓 供应商 北京... 送货,北京市内到燕郊..送的是电子产品,从北苑路北站到燕郊兴都村附近(污水处理厂公交站站),需要体积在4.5-5立方米的厢式货车,需要特定时间,由于是给京东仓送货..."
"-东北","东北证券股份有限公司版权所有 Copyright@2014-2015 All Rights Reserved 公司总部:吉林省长春市生态大街6666号 电话:95360 传真:0431-85680032 邮编:130118... 东北网,新闻,黑龙江新闻,专业报道门户网站... 黑龙江首家校园双创与智慧物流平台——菜鸟校园驿站在哈尔滨师范大学启动。基于网络大数据,快递包裹到达驿站后,系统将快递... 参加东北摩托车联盟第四届年会 2017-09-14辽阳干啤21267 2017年9月9日是我们机车朋友们相聚的日子,一年一度的机车盛宴在沈阳召... 房产信息 - 二手房 - 东北大马路 - 62万元 - 今天 相关信息: 东北育才 东北制药厂 东北日杂 东北特产 东北制药 东北设计院 东北城 东北物理 新东北 东北红豆杉... [视频]时长: 152分钟 2013年5月25日 - 从东北回来快两个月了,随着春暖花开,南方寒冷的日子也渐行渐远,该把游记整理出来了,不然完整的记忆终究留在北国而带回来的只剩下断裂的碎片。 选择去东北的理由..."
"-东北 大区","华润置地官方网站 华润置地华北大区 华润置地华南大区 华润置地华东大区大区网群 华润置地东北大区 首页了解我们 华润集团 华润置地 东北大区 大事记 大区荣誉品牌... 的东北地区:辽宁省、吉林省、黑龙江省、内蒙古自治区东部五盟市(呼伦贝尔市、通辽市、赤峰市、兴安盟)、河北省承德市、秦皇岛... 东北大区 山东河南大区 西南大区 华南大区 华北大区 西北大区 江苏大区 华中大区 上海浙江大区 海外 大连 软通动力信息技术集团(大连)有限公司 辽宁省大连市沙河口区... 东北区——大区交换中心沈阳:24辽宁省交换中心(沈阳兼)及地区交换中心: 41× 辽宁省县交换中心:42××吉林省交换中心(长春431)及地区交换中心: 43× 吉林省县... 华润(集团)有限公司是一家在香港注册和运营的多元化控股企业集团,其前身是1938年于香港成立的“联和行”,1948年改组更名为华润公司。2003年归属国务院国有资产监督... 2015年10月28日 - 东北大区总部架构_企业管理_经管营销_专业资料。东北大区总部架构东北区总裁 市场管理中心 投 行 部 综合服务中心 营销部 企划部 培训部 机构部 项目... 最佳答案: 应该理解为:东北大区 ——沈阳、吉林、黑龙江 东南大区 ——浙江、福建、 中南大区 ——广东、广西、海南、湖南、江西、 西北大区 ——西藏、新疆、甘肃... [视频]时长: 1分钟 最佳答案: 五)按经济带划分 1.东部沿海地区:北京、天津、河北、辽宁、上海、江苏、浙江、福建、山东、广东、广西、海南、重庆、大连、宁波、厦门、青岛、深圳(18个...更多关于-东北 大区的问题>>"
"-中国邮","邮e付 网贷通(消贷支用) 优惠影票 单位大额存单 商户快捷登陆 特约商户 | 网上支付商户 | 汇款商户 2017-09-14 | 关于中国邮政储蓄银行暂停部分快捷支... 党组党建工作部 中国邮政集团工会 中国邮政储蓄银行 中国邮政速递物流股份有限公司 中邮人寿保险股份有限公司中国邮政航空有限责任公司邮票印制局文史中心 新闻宣传中心 ... 国内特快专递 国际特快专递 服务指南 时限查询 资费查询 邮编查询 单据填写 禁寄物品 保价保险 邮件赔偿 邮件报关 客服电话 常见问题 自提点查询客户下单 网上下单 ... ·邮件跟踪查询 ·一票多件跟踪查询 ·协议客户查询 ·车管所邮件查询 中国邮政集团公司版权所有 ... 查看更多 特许查询 仿印查询 大话新邮 文化专区 零售查询 特许商品展示 因...中国邮票 邮票 小型张 小全张 小本票 小版票 大版票 风琴折 本票册 其他... 中邮理财 推荐 珍邮竞买 生肖贺岁 个性化定制 分类 邮品题材 邮资封片 港澳邮票 外国邮票 个性化邮票 中国邮票 集邮品 集邮商品 集邮用品 推荐阅读 优秀少儿报... 08-18 中国快递协会2017年度公开招聘工作人员公告 08-10 关于近期寄递服务消费...07-13 国邮恒安(北京)科技有限公司2017年度公开招聘工作人员公告 12-30 邮政... > 《中国邮票辨伪指南(续编)》 > 《中国邮品辨伪必备(彩版)》 > 《邮票收藏入门百科》 > 《错体变体邮票鉴定》 > 《叙邮鉴币》 > 《中国邮票辨伪图录》 ... [视频]时长: 7分钟"
"-中航网信","中航网信(北京)科技有限公司是中航工业旗下企业,也是中关村科技园区高新技术企业,专业从事IT系统集成、展示展演、模拟仿真、物联网应用、信息化服务等业务。 [查看... 天眼查为您提供中航网信(北京)科技有限公司信息查询、诉讼财务信息查询、注册信息查询、电话地址查询等企业信息查询服务,了解中航网信(北京)科技有限公司信用报告、... 中航网信科技有限公司(https://elemirecorder.cn.china.cn)主营产品包括录音设备等,中航网信科技有限公司负责人王先生电话:01058733356,中航网信科技有限公司您可... 这是中航网信(北京)科技有限公司在1024商务网的商铺,有产品、新闻、招聘、联系方式等信息的详细介绍,如果你对中航网信(北京)科技有限公司感兴趣,可以在线联系或... 中航网信(北京)科技有限公司成立于2015年,主营产品:金融服务 数码录音笔 视讯会议系统 麦克风、话筒 扫描仪,公司地址:北京北京市海淀区知春路甲48号盈都大厦A座6A 亲,扫一扫浏览手机云网站 ... 中航网信(北京)科技有限公司...主要经营null,欢迎参观,指导!... 中航网信(北京)科技有限公司... 简介:主要经营 ,我们始终坚持用户至上,用心服务于客户,坚持用自..."
"-亦庄","亦庄生活网是亦庄(北京经济技术开发区)最具影响力的地方门户网站,提供亦庄的最新资讯,生活信息,亦庄开发区招聘信息,亦庄本地交流平台 投资亦庄 网上服务 政务公开 今日天气:晴间多云 空气质量:良 气温:27℃—— 14℃ 空气质量预报:2, 空气污染指数:60-80 北京经济技术开发区环境保护局环保协管... 北京经济技术开发区位于中国北京东南亦庄地区,是北京市唯一同时享受国家级经济技术开发区和国家高新技术产业园区双重优惠政策的国家级经济技术开发区。北京经济技术开发... · 关于亦庄镇公开招聘劳动保障监察员的公告 (05-17) · 北京市大兴区亦庄镇人民政府办公室关于2017年劳动节放假安排的通知 (04-24) · 北京市大兴区亦庄镇人... 兰美高级服装私人定制工作室,位于亦庄城乡世纪广场莫尔空间,主要从事婚纱、礼服、旗袍、连衣裙、正装的私人定制业务。**人员有为影视明星、T台模特、影视服装**的30多... 2017年9月12日 - 亦庄金茂府项目目前四居室在售,在售房源面积在130-190㎡之间,总价880万起。亦庄金茂府是北京第四座金茂府,承继“府”系产品的科技系统,打造北京绿色... 北京亦庄国际投资发展有限公司(下称“亦庄国投”)成立于2009年2月,是北京经济技术开发区工委、管委领导下的以金融手段推动实体产业发展和转型升级的国有投融资集团... 亦庄专业的房地产信息网,全免费的服务!你可以发布出租,出售,求租,求购房源信息,所有操作全部免费。]"
"-信息化","信息化InformatizationCIO俱乐部 比特汇 比特盟 比特直播 比特实验室综合 信息化 中小企业 CIO 热点: 人工智能 区块链新闻热点 The news 《A.I.时代职场趋势... 信息化(Informatization)信息化是20世纪末期以来,中文中使用频率非常高的概念之一,在英文一般对应“Informatization”或“Informatisation”。 “信息化”用作名词,通常... 广州信息协会 甘肃省信息协会 绵阳市市场信息协会 江苏省信息化协会 厦门市信息协会 长沙市信息协会 宁波市信息协会 沈阳市信息协会 杭州市信息协会 深圳市信息协会 ... 国内最全面的企业信息化频道,IT168关注中小企业信息化建设、规划、管理和发展,拥有丰富的CIO、ERP、CRM、移动信息化、电子商务和电子政务的案例库,提供完整的企业... 中国教育信息化网(www.ict.edu.cn)是由中华人民共和国教育部主管,教育部教育管理信息中心主办的教育信息化资讯类综合门户网站,是教育信息化成果展示、学术交流的... 《中国信息化》杂志是由工业和信息化部主管、电子工业出版社主办,以推进工业化与信息化融合为宗旨,以报道政府、行业和企业信息化的实践、方法和战略为主旨的国家级... 企业信息化建设(Enterprise Informationization Construction)企业信息化建设是指企业利用计算机技术、网络技术等一系列现代化技术,通过对信息资源的深度开发和广泛利用,不... 《中国信息化》杂志由新闻出版总署正式批准、中华人民共和国工业和信息化部主管主办的一本国家批准创刊的唯一一份以关注工业化与信息化融合,推进信息化进程为使命的..."
"-信息化 服务","首页 中心概况 热点专栏 服务介绍 培训服务 网络安全 资料下载 信息化建设信息搜索: 高级搜索 热点专栏校园版360防病毒系统安装 浙江大学360校园版定期安全简报(2015... 信息化服务(informationization service)是一个以信息技术与高科技手段为生产和生活中出现的问题提供优质解决方案,或对有可能出现的问题进行评估、预测与防范的行业,... 2014年2月11日 - 信息化服务-定义信息化服务(informationization service)是一个以信息技术与高科技手段为生产和生活中出现的问题提供优质解决方案,或对有可能出现的问... 工业和信息化部关于公布2017年换发电子认证服务许可证企业名单(第二批)的通告08.31 工业和信息化部办公厅关于公布2017年两化融合管理体系贯标试点企业名单的通知08... 服务直通车 网络自助服务 校园卡服务 域名申请 VPN服务 学生邮箱 教师邮箱 网络流量图 网站安全审查 联系电话 ◇◇◇南开大学信息化建设与管理办公室◇◇◇ ... 中国信息化推进与公共服务平台是在工业和信息化部指导下,由中国电子信息产业发展研究院(赛迪集团)与中国信息化推进联盟共同发起成立的服务平台 版权所有:成都天问信息技术有限公司 备案许可证号:蜀ICP备12013491号-1 川公网安备 51010702000654号 天问业主手机客户端天问物管手机客户端... 服务业信息化是指运用先进的管理理念,采用现代信息技术整合服务业整个过程。及时为服务业企业的“三层决策”系统提供准确而有效的数据信息,做出及时的反应。..."
"-信息化 服务 中心","首页 中心概况 热点专栏 服务介绍 培训服务 网络安全 资料下载 信息化建设信息搜索: 高级搜索 热点专栏校园版360防病毒系统安装 浙江大学360校园版定期安全简报(2015... 部门电子邮箱申请 域名服务 云主机服务 网站群服务 软件资产申购 会议网服务 视频会议服务 无纸化会议服务 信息化数据使用 过户服务 群发邮件服务 自聘人员账号申请... 2016-06-29 学校2016年信息化工作会议顺利召开 服务台 业务办理 缴费指南 网络报障 帐单查询 密码修改 客户端下载 快速通道 数字校园门户 社区服务中心 一卡通服务... 广州市信息化中心网站(网址:www.gzitsc.org.cn)是由广州市信息化服务中心负责运维管理。它围绕政务公开、公共服务和公众参与三大功能定位,内容涵盖了中心介绍、信息... 服务频道 校园网 VPN 邮件 域名 虚拟化 一卡通 IPV6 网站服务校园信息化 ...辽宁大学信息化中心 | 崇山校区报修电话:62202362 |蒲河校区报修电话:62602363 ... 网络服务 教学区自助服务系统 宿舍区自助服务系统 宿舍IP地址查询 邮件服务 微软软件下载 name ---常见问题--- Title 天津工业大学信息化中心 ... [2015-09-25] 副校长杨华民到信息化中心调... [2015-04-07]教工邮箱 校园门户 研究生教务 本科生教务 网费查询 工资查询 VPN服务 网站群系统 共享数据中心... 信息化网络管理处,西南交通大学... 服务指南 网络安全 下载中心 常见问题新闻动态更多...西南交通大学通过四川省教育信息 11月8日上午,四川省教育信息化试点评审验收... 杭州师范大学信息化项目档案通用目录 杭州师范大学校园卡申领表 杭州师范大学办公电话业务申请表 服务平台 服务导航 信息专题 版权所有 杭州师范大学信息化中心 | ... 2017/05/12 · CERNET 第二十四届学术年会征文通知 2017/05/11 · 信息化工作办公室召开新学期工作会议 2017/02/28 服务电话 中心校区: 网络运行科:88369887..."
"-国美地采","全网23大品类,上百万种商品,提高您的采购效率,商品采购,礼品定制,合作洽谈,员工福利,国美大客户均可为您一站式服务! 专享优惠 基于上千亿采购规模,具备独家,低... 2014年3月8日 - 国美针对存在的问题,实施集中采 购,统一采购,创建自己的供销模式,实现 ERP 管理...国美电器必须 降低门店的运营成本和产品价格, 这要求国美不断地降低... 国美集团唯一官方综合网购商城。国美电商平台提供全球品牌电视、洗衣机、电脑、手机、空调、电脑配件、生活电器、数码家电、日用百货、服装鞋帽网购商城,正品低价、品质... 2014年8月5日 - 国美电器采购合同书 合同编号:CZ140612 签订日期:2014 年 6 月 12 日 甲方(...协商不成时应向合同签订地的 人民法院提起诉讼。 第九节 其他 第二十二... 国美电器发出的 300 亿元采购大单已经得到众多供应商的响应。采购方案 1 )竞价招标采购:采购方:参与到生产环节上来。供应商为了抢得份额必须尽可能地给予优惠,在... 商品的采购分为好多种 有地采,临采,包销,定制 以及你说的那种叫直供,是国美公司根据不同品牌运行的不同状况决定的更多关于-国美地采的问题>> 国美电器采购管理案例分析;1、内容提要;1)主要问题;国美电器作为中国的最大一家连锁型家电销售企业,在;2)主要方案;国美针对存在的问题,实施集中采购,统一采购,创建... 2016年1月15日 - 【国美电器采购部待遇如何?】还可以,但是他们奖金是挂效益的,要看效益开奖金的多少。但是总体还是可以的,没什么大起大落,但是压力比较大,如果是已婚的女士比较适合... 国美(Gome.com.cn)国美电器唯一官方网上商城,中国领先的专业家电网购平台.全球品牌电视、洗衣机、电脑、手机、数码、空调、电脑配件、生活电器、网络产品等正品行货,... 2015年9月26日 - 连锁经营模式极大地提升了国美的销售规模和商品销量,并降低了运营成本,使消费者...我们就货采源头并在全市做到价格最低,作出 国美元假货的承诺;消费..."
"-国美地采 中航网信","物联网应用 企业信息化服务 公司简介 团队风采 资质与荣誉 我们的客户 ...设为首页 | 加入收藏 | 法律声明 | 版权所有:中航网信(北京)科技有限公司 ... 亲,扫一扫浏览手机云网站 ... 全网23大品类,上百万种商品,提高您的采购效率,商品采购,礼品定制,合作洽谈,员工福利,国美大客户均可为您一站式服务! 专享优惠 基于上千亿采购规模,具备独家,低... 天眼查为您提供中航网信(北京)科技有限公司信息查询、诉讼财务信息查询、注册信息查询、电话地址查询等企业信息查询服务,了解中航网信(北京)科技有限公司信用报告、... 这是中航网信(北京)科技有限公司在1024商务网的商铺,有产品、新闻、招聘、联系方式等信息的详细介绍,如果你对中航网信(北京)科技有限公司感兴趣,可以在线联系或... 中航网信(北京)科技有限公司招聘,中华英才网,提供最新招聘信息、公司地址、电话、工资待遇、公司介绍等信息;中航网信(北京)科技有限公司怎么样,上中华英才网全知道 中航网信物联科技(北京)股份有限公司于2012年12月18日在海淀分局登记成立。法定代表人曹紫信,公司经营范围包括技术开发、技术转让、技术咨询、技术服务、技术培训(... 2017年7月10日 - 天眼查为您提供中航网信物联科技(北京)股份有限公司信息查询、诉讼财务信息查询、注册信息查询、电话地址查询等企业信息查询服务,了解中航网信物联科... (北京合联科技有限公司)未实质性响应采购人的竞价要求的(该供应商未上传相应的质保或售后维保承诺函),即未提供原厂售后服务承诺函,故选择第二家中航网信(北京)..."
"-塘沽","塘沽二手房为您提供最新、最真实的塘沽二手房个人信息,塘沽二手房经纪人信息,欢迎您来到58同城塘沽二手房网。 赶集网塘沽二手房频道是最专业的塘沽二手房网,为您提供大量的塘沽房屋出售信息,查找塘沽二手房信息,个人房屋出售二手房源,请到赶集塘沽二手房网。 天津塘沽二手房9月参考均价16594元/㎡,现有二手房房源61446套,房天下天津二手房网为您提供快速全面的塘沽二手房信息及新发布塘沽二手房价格,为您创造舒适二手房购房... 2017塘沽旅游攻略,介绍了塘沽旅游景点、线路、美食、住宿、地图等塘沽旅游攻略信息,了解塘沽旅游等自由行攻略信息来蚂蜂窝旅游攻略网。 塘沽旅游,艺龙旅游提供2017年9月塘沽旅游信息大全,包括:塘沽旅游景点,塘沽旅游攻略,塘沽旅游线路,塘沽酒店等出游信息,为您在塘沽旅游提供指导。 塘沽城区 分类: 不限 小吃快餐 面包甜点 西餐 烧烤 火锅 天津菜 日本料理 咖啡厅 粤菜 自助餐 海鲜 韩国料理 川菜 创意菜 湘菜 云贵菜 上海江浙 东北菜 小... 天津滨海新区塘沽新房,现有新楼盘25个,房天下天津新房网为您提供大量优质真实的天津滨海新区塘沽新房出售信息及最新塘沽新楼盘房价信息,为您创造最佳新房购房体验。"
"-富威","大聯大控股 最新活動 2017-09-14 【新零售時代】AI影像辨識與分析技術論壇 2017-03-17 德州儀器工業週來了,立即報名 2016-12-05 Exosite(美商遠景科技) 雲端... 江苏富威能源有限公司,经济开发区蓄电池工业园内,主要经营铅酸蓄电池;胶体蓄电池;锂电池;银锌电池;UPS不间断电源,86-0514-84588555,如需购买铅酸蓄电池;胶体蓄电池... 富威日产新轩逸奇骏天籁骐达锐志雷凌致炫智能车机导航大屏一体机 ... view more 富威丰田新卡罗拉凯美瑞威驰汉兰达RAV4大屏车机导航一体机10.2寸 ... view ... 富威电子科技有限公司为联想中国区战略合作伙伴,目前代理并生产联想SSD等存储系列产品。外设产品有lenovo品牌键鼠、无线摄像头、智能排插等。全国建立有完整分销体系,目... 版权所有:富威科技(吴江)有限公司 地址:苏州市吴江区七都镇港东开发区 总机:+86-512-63133999 传真:+86-512-63829888 Email:info@fullwaytech.com 技术支持:... 上海富威座落于上海市嘉定区西金宝工业园区,距上海大众汽车城仅10公里,占地面积13300平方米,建筑面积30000平方米,拥有各类通用,专业PE/PU生产和加工设备,以及齐全的...  富威导航 不拆CD 富威导航 双嵌入式专家 100多款多款任意选择 本产品秉着 不破坏路线 不动一根螺丝 不破坏原车电脑协议,避免关键时刻原车SRS (安全气囊)ABS(… [视频]时长: 2分钟 江苏富威能源有限公司拥有现代化厂房和国内外优秀的生产设备,年产能达200万千伏安时。公司主要从事太阳能、风能储能专用胶体蓄电池以及道路车辆专用环保动力电池的研发..."
"-富威 电子科技","富威电子科技有限公司为联想中国区战略合作伙伴,目前代理并生产联想SSD等存储系列产品。外设产品有lenovo品牌键鼠、无线摄像头、智能排插等。全国建立有完整分销体系,目... Exosite(美商遠景科技) 雲端解決方案全面支援智慧家庭物聯網通訊標準 more 方案在線 2017-09-06 友尚推出ST多感測器模組,可擴展智慧手機,穿戴和物聯網產品開發 ... 版权所有:富威科技(吴江)有限公司 地址:苏州市吴江区七都镇港东开发区 总机:+86-512-63133999 传真:+86-512-63829888 Email:info@fullwaytech.com 技术支持:... 深圳市富威电子有限公司(https://fuwei7807.cn.china.cn)负责人邓先生电话:86-0755-2784358,深圳市富威电子有限公司您可信赖的合作伙伴 深圳富威电子科技开发有限公司地址: 广东省深圳市龙岗区平湖镇捷威工业城,主营产品: LCD系列|电子万年历|电子礼品|数码相框|GPS 导航系列|笔筒万年历系列,深圳富威... 富威电子科技(亳州)有限公司广东深圳福田区 移动互联网 贸易/进出口 电子/半导体/集成电路 股份制 评论(0) 查看 联系人:段小姐 固话:0755-61911098 邮箱:feifei... 广州市富威电子有限公司在虎易网上发布的公司主页,广州市富威电子有限公司主营:数字化拾音器监听头…等业务。如需了解更详尽信息请入主页。 富威科技电子有限公司(https://alicarcd.cn.china.cn)主营产品包括集成电路(IC)等,富威科技电子有限公司负责人杨先生电话:86-0755-2671165,富威科技电子有限公司您... 富威电子科技发展有限公司是电子礼品,万年历,Lcd万年历的专业生产厂家和供应商。采购电子礼品,万年历,Lcd万年历相关产品请联系富威电子科技发展有限公司。 深圳富威科技(深圳)电子有限公司,主要供应:电子研发/生产,电池,电池保护板,软排线,SMT贴片,各类数码电池,,简介:"
"-熊胜昔",",。热诚欢迎各界朋友前来参观、考察、洽谈业务。熊胜昔代表安徽聚龙盈通讯设备有限责任公司欢迎新老客户来电咨询。 热卖促销更多... 2006年11月4日 - 熊胜昔 | 创建时间:2006年11月04日 11:31 | 浏览: 58 | 评论: 0 标签: 原创 秋 熟人常语,京“秋之美”最为耀眼夺目并添几分矫情。某来京已有两年之... 联系人:熊胜昔 在线咨询: 安徽 - 合肥 天长市银利通讯设备销售有限公司 主营: 公司主页浏览该公司供应信息浏览该公司产品信息 联系人:赵士坤 在线咨询: 安徽 -... 董事长 董事 监事 胡宗平 熊胜昔 总经理 董事 股东信息3 刘莉 投资数额:未公开 个人投资 徐菲菲 投资数额:未公开 个人投资 林兴 投资数额:未公开 ... 安徽聚龙盈通讯设备有限责任公司,位于安徽省合肥市庐阳区,公司联系人是熊胜昔。查企业,用搜企! 我是熊胜昔,88级1班的.我的QQ52259766 风吹的有点咸 新兵 1 本人寻99届罗山二中初中同学。。有的请留言联系。。 登录百度帐号 我的游戏 推荐游戏 登录... 2006年11月10日 - 熊胜昔 | 创建时间:2006年11月10日 13:48 | 浏览: 94 | 评论: 1 标签: 转摘 技巧 视频处理 想不想让自己的“博客”与众不同呢?想不想让博友在浏览你... 法人:熊胜昔 注册资本:500万元 注册时间:2015-01-04 注册地址:安徽省合肥市庐阳区长江中路436号金城大厦1207室 组织机构代码:325516937 统一信用代码:91340100325516... 熊胜昔 总经理 - 安徽银丰科技发展有限责任公司 中国 熊胜喜 品味家装修工程有限公司 — 总经理 中国 熊倩茜 永旺- 总经理助理 中国 熊庆希 IT 主管 - Ctac... 2017年8月16日 - 帮我的宝宝取名字吧我的宝宝今年7月22日农历6月27日,早上10点50分生的。宝宝提前18天出生,才4斤8两。父姓熊,母姓王:熊达民熊利奇熊可欣熊岸柳熊真雄熊..."
"-王卓","人人网上姓名为 王卓的用户共有 11149人,其中 女生34.88%, 男生65.12% 基本搜索 同事 大学同学 高中同学 中专技校 初中同学 小学同学 筛选 公司: 筛选 学... 2014年10月22日 - 王卓(1969-),女,文学博士,教授,博士生导师,山东师范大学外国语学院院长、《山东外语教学》主编、山东师范大学外国文学与文化研究中心主任,山东省有突出贡献的中青年... [视频]时长 04:42 王卓教授 博士生导师出生年月:1983年8月1日 籍贯:河北省邯郸市 职务:教授 联系电话:82339603 电子邮箱:zhuowang@buaa.edu.cn 个人主页:http://shi.buaa.edu... 2016年9月24日 - 课题组负责人:王卓,北京化工大学,理学院,教授。首届国家自然科学优秀青年基金获得者。2000年在东北师范大学化学学院取得理学学士学位,2003年在东北师范大学... 2016年2月29日 - 王卓,女,教授 邮箱:wangzhuo77@mail.buct.edu.cn 办公室:综合楼402 实验室:化新楼209B 教育经历: 2003年9月—2006年7月 中科院化学研究所,有机化学, 理学..."
"-缪栋","缪栋Q这个强人你也喜欢,好吧,在此我就爆照了如果你连这货都看上了,我只能怀疑你的眼光和外表。(这货在课上上贴吧找11届妹子聊... 我缪栋Q,一表人才,求交往,快来联系我,Z1131.打我电话18261569912或者,加我扣扣978386823..快点联系我缪栋Q M___人善被人欺 独... 2015年9月27日 - 3. 缪栋的吉凶: 一鼓作气,勇猛奋斗,运势浩盛,容易成功达到目的,功名成就,若原命喜火之人,妙能以此之名更加两倍以上之辉煌成就,然若凶数则欠人助,以自力奋斗... 缪栋吧 关注:2贴子:0 目录: 个人贴吧 看贴 图片 精品 玩乐 群组 本吧特权礼包 兑换 红色标题 补签卡 经验加速 膜拜卡 直送经验 魔蛋卡 更多精彩特... 2014年9月23日 - 联系人:缪栋 移动电话:13812020193 电话:86-0510-83207360- 邮编: 地址: 江苏省 无锡市 惠山区 中国 江苏 无锡市惠山区 钱桥镇 商铺:无锡市质谨机械... 2010年11月22日 - 湖南第一师范学院首届校园十佳星青年实践之星候选人缪栋宣传片 湖南第一师范学院首届校园十佳星青年实践之星候选人缪栋宣传片X 来自: http://v.youku.com/v_show... 2012年5月1日 - 心忧才会为先,厚德方能致远,敢担当必然敢作为,归根结蒂就是要脚踏实地。 通信专业学生党支部:缪栋 2012年4月5日阅读(16)| 评论(0) 喜欢 推荐 转载 评... 2017年1月20日 - 缪栋俗缪尘 博客等级: 博客积分:0 博客访问:0 关注人气:0 荣誉徽章:相关博文 查看更多 推荐博文第1427篇·寿者叶惠芳 认清“中职足”的真面目 特... 查看缪栋的领英职业档案。领英是全球领先的商务人脉网络,帮助像缪栋这样的职场人士找到企业内部联系人,并通过这些人脉来联系职位候选人、行业专家和商业伙伴。 2017年8月23日 - 19 缪栋 副产苯酚回收利用 20 王科锋 自动门杠焊接设备推广应用 21 鲍德高 静态双料检测免拆装机构的开发运用 22 于松 金刚线切割技术替代碳化硅和聚..."
"-苏宁","苏宁易购-综合网上购物平台,商品涵盖家电、手机、电脑、超市、母婴、服装、百货、海外购等品类。送货更准时、价格更超值、上新货更快,正品行货、全国联保、可门店... 苏宁云商(Suning.cn)是中国最大的商业零售企业,依托线上线下平台优势,率先在行业内推行O2O模式,经营品类涵盖家电、3C、母婴、百货、超市、服装等 苏宁互联是苏宁旗下拥有虚拟运营商牌照的独立公司,苏宁互联官网为用户提供170号段的苏宁互联卡预约,充值,手机推荐等业务和套餐资费,营业厅信息,互联世界,让心更近。 苏宁易购苏宁网上超市为您挑选休闲食品、粮油调味、地方特产、进口食品、酒水饮料、营养保健、生鲜食品、美妆个护等超市用品,提供最新报价、价格、促销、参数、评价、... 苏宁众筹是苏宁金融集团旗下的众筹模式网站,包括实物类、公益类、影视类、娱乐类、农业类、房地产类、股权类众筹等,苏宁众筹支持中国创造,打造国内合伙人优质平台,... 苏宁易购苏宁智能通过整合供应链、内容提供商、家装设计等资源满足消费者单品选购、新品测试、硬件延伸服务、智能家居解决方案的同时;为供应商提供开放、专业的资源共享... 苏宁易购苏宁易购苏宁电器城频道提供苏宁易购各大品牌电视、影音设备、空调、冰箱、洗衣机、厨卫电器、大家电配件。买家电,就上苏宁易购电器城频道!"
"-莱","欧珀莱(AUPRES)是资生堂丽源化妆品有限公司以资生堂140年的历史文化底蕴为基础。以“美,从素颜开始。”为品牌理念。为中国女性的健康活力之美提供高品质咨询。登录... 2016年9月30日 - 莱这app下载|莱这app是一款社区服务应用。莱这app是追求极致生活体验的智慧城市社区生活服务平台,是不矫情、不跟风,最接地气的O2O服务平台,您可以免费... 成都莱峰科技有限公司主要从事流体检测设备、流体自动化控制设备、供气系统的研制、开发、制造、销售以及相关的服务。 同时生产各种分析仪器、仪表、气体减压调节器及... [当当自营] 奥地利进口 莱家 Loacker 莱家黑巧克力味夹心威 ￥6.50￥24.00 [当当自营] 奥地利进口 莱家 Loacker 莱家牛奶味夹心威化 ￥6.50￥24.00 [当当自营... 亚萨合莱(ASSA ABLOY)是全球最大的智能锁和安防解决方案供应商。在全球所有已安装的锁具和安防产品中,亚萨合莱的产品就占去了十分之一。 莱特币成交记录 成交时间成交类型成交价格成交量总金额 数据加载中... 莱特币委托信息 数据加载中... 买/卖价格数量 数据加载中... 展开查看更多 莱特币资... 欢迎来到莱买酒!登录 快速注册 我的订单 用户中心 热门搜索: 茅台 郎酒 五粮液 剑南春 泸州老窖 洋河 全部商品分类白酒 茅台 五粮液 剑南春 ... [视频]时长: 52分钟"
"-金浩","金浩茶油,湖南新金浩茶油股份有限公司,湖南金浩茶油股份有限公司... 关于金浩 | 产品中心 | 招商加盟 | 茶油文化 | 新闻中心 | 联系我们 ... 京东超市金浩 茶籽橄榄食用调和油5L 添加10%特级初榨橄榄油(新老包装随机发货) 600+条评价 关注 自营 < > ¥69.90 金浩 茶籽纯香食用调和油4L 非... 北京中金浩资产评估有限责任公司是由财政部授予资产评估资格(证书编号:NO.11060018)的专业权威评估机构。中金浩评估公司经过多年发展逐步形成了以知识产权评估、质押、... 由于该网站的robots.txt文件存在限制指令（限制搜索引擎抓取），系统无法提供该页面的内容描述 - 了解详情 2017年3月15日 - 买购网为您提供金浩茶油股份旗下金浩JINHAO品牌介绍信息。包含金浩茶油官网、经销商、服务网点、专卖店、网店、产品、品牌新闻、名人等信息,是您了解金浩茶油怎么样的... 2016年11月8日 - 姓名:金浩出生地:浙江诸暨联系地址:上海市嘉定区同济大学交通运输工程学院635室E-mail:jinhao@tongji.edu.cn教育及工作经历2005年9月~2009年7月,北京... 扬州金浩节能设备工程有限公司是广东佛山顺德区金浩饮水设备有限公司在华东地区的分公司,是一家能源的企业,是经国家相关部门批准注册的企业。我们公司产销商务饮水机,... 金浩,出演电影《卡片诱惑》。... 金浩,出演电影《卡片诱惑》。 展开分享: 全部作品 电影 电视剧 2017 正片 卡片诱惑 电影 2016 共34全 踏破硝烟 电视剧 2015 ..."
"/S","[专业]答案:<s> 标签可定义加删除线文本定义。 <s> 标签是 <strike> 标签的缩写版本,Netscape 和 Internet Explorer 都支持它。但在 HTML 4 和 XHTML 中已经不... 2014年10月23日 - C/S和B/S,是再普通不过的两种软件架构方式,都可以进行同样的业务处理,甚至也可以用相同的方式实现共同的逻辑。既然如此,为何还要区分彼此呢?那我们就来看看二者的... GT/s即Giga Transmission per second (千兆传输/秒),描述的是物理层通信协议的速率,与Gbps(每秒十亿位)没有对应的换算关系。... [专业]答案:M/S的意思根据领域的不同其表达的意思也是有所不同的,其主要应用到的领域有: 1、最常见的就是表示速度的单位即米/秒(米每秒)科学上用速度来表示...更多关于/S的问题>> Mb/s的含义是兆比特每秒,指每秒传输的位数量。...... Mb/s的含义是兆比特每秒,指每秒传输的位数量另外,MB/s的含义是兆字节每秒,指每秒传输的字节数量... [专业]答案:TFlops/s,可以简单写为T/s, 是数据流量的计数单位,意思是”1万亿次浮点指令每秒”,它是衡量一个电脑计算能力的标准。1TFlops=1024GFlops,即1T=1024G...更多关于/S的问题>> 最佳答案: 在这里,弄明白其中各字母的含义问题也就清楚啦。 s ,时间单位,秒,这一般大家都知道。标准的写法应该是小写字母。 B ,byte,字节,是计算机文件大小的...更多关于/S的问题>> 2011年3月30日 - S 的发音规则 结尾的, 一、大部分可数名词的复数及动词第三人称单数的一般现在式,是以-(e)s 结尾的,如: 大部分可数名词的复数及动词第三人称单数的一..."
"/T","[专业]答案:t r n都是转义字符,空格就是单纯的空格,输入时可以输入空格 t 的意思是 横向跳到下一制表符位置 r 的意思是 回车 n 的意思是回车换行更多关于/T的问题>> [专业]答案:“t”为“转义字符”,代表的是一个tab,也就是8个空格。 解释:System.out.println(aaaaaatbbbb);输出结果就是“aaaaaa bbbb”;更多关于/T的问题>> [专业]答案:1、t是制表符,其中t是TAB的缩写。制表符,产生一定距离的空白,使文本看上去像一个表格。使用键盘上Tab(制表)键输入,ASCII码0x09,C程序输入可以用'...更多关于/T的问题>> TポイントとTカードの総合サイトです。全国のTポイントが貯まる・使えるお店のクーポンやキャンペーンなどのお得情報が満載。ゲームやプレゼント... 2014年9月25日 - T/T付款方式是以外汇现金方式结算,由您的客户将款项汇至贵公司指定的外汇银行账号内,可以要求货到后一定期限内汇款。 T/T属于商业信用,也就是说付款的... 最佳答案: 英文缩写 L/T英文全称 Letter Telegram书信电报缩写分类 经济管理英文缩写 L/T英文全称 Life Test寿命测试缩写分类 工业工程LT = LEAD TIME lead time [..."
"/王婧婧","2015年8月6日 - 1994年4月毕业于上海交通大学材料工程系、获工学硕士。1998～2001年在上海交通大学安泰管理学院攻读管理学博士学位。美国华盛顿大学(UW)(2005.9～2006... //@OKCNC_://@-GGGEOFFREY://@超爱北七的岛田饼://@余村達央性://@猫大仓:这个不能停,不然有些人真以为自己能一手遮天 //@你肆://@叢雲厨_咒蓝... 王婧婧 ID:834942348 女 1年教龄 陕西-西安-碑林区 过往经历 2013年09月 — 2015年03月 1. 2013.09--2014.03:陕西省安康市汉滨区第六中学高一年级担任英语... 启信宝为您提供上海昊洋企业管理有限公司的联系方式、上海昊洋企业管理有限公司简介、上海昊洋企业管理有限公司信用报告、股东法人、对外投资关系、最新招聘、商标专利等... +关注 王婧婧_or 10月21日 16:15 来自?的iPhone 6s Eason,现在北京下着小雨,大家都在外面等着五点进去,太冷了,不过你貌似在里面彩排,能听到你唱好久不... 2013年4月2日 - 大公娱乐讯 近日,施瓦辛格19岁的大儿子帕特里克与女友泰勒在夏威夷度过了他们的复活节假期。两个人不仅尝试了潜水,更在水中旁若无人地接吻,看上去心情... 4. 刘建彬, 两束独立热光的一阶干涉,口头报告,第六届全国量子成像会议,西安,2015年11月16-17日。 5. Jianbin Liu*, Mingnan Le, Bin Bai, Wentao Wang, ... 2014年9月28日 - ·本站求职、招聘信息都是由发布者自行发布,真实性由发布人负责,如发现信息不真实或虚假诈骗情况,请及时与客服联系,我们核实后将作出相应处理。... 2015年3月19日 - 2007年进入江淮汽车股份公司工作,在工作期间因表现优秀,被调入公司综合管理部负责企业参观讲解员一职。工作期间勤奋好学,多次受到领导的肯定与嘉奖。2..."
"/王宏丽","王宏丽正在使用人人网,加入人人网,和王宏丽取得联系,了解他的最新动态,一起分享相片、日志和电影。 默认排序 销量 好评 出版时间 价格 - 收货地 1/1 大图列表 促销 仅显示有货 尾品汇 预售 当当自营 临床基本技能实训指导(王宏丽)... 44 佳木斯市 桦南县 C 08172 桦南县中心营业厅售后维修中心 桦南县前进路213号 13349443040 张丛林 4 中兴、酷派、华为、海信、 45 大庆市 肇源县 C 08174 ... 2014年12月31日 - 跟谁学为您提供王宏丽老师课程的在线直播、线下班课、1对1课程,王宏丽相册视频,个人资料,学生评价,王宏丽课程数量,学生数量,教学时长,好评率,方便学生... Hi,这是王宏丽的腾讯微博,别吝惜你的关注,赶紧登录,和TA互动吧! 申请开通 马上登录 王宏丽 4 (@lovexuanchang) 黑龙江大庆 巨蟹座 建筑·房地产·装饰装修·... 1.徐璋勇、王宏丽:基于农户金融需求视角的金融抑制问题研究——来自陕西2098户农户调研的实证研究,《西北大学学报》2009/05。2.徐璋勇、封尼娜:对中国金融业发展省区... 2016年7月11日 - 吕佩 女 工商企业管理 自考 王宏丽 女 工业自动化 自考 林康 男 工商企业管理 自考 张菁 女 工业自动化 自考 王恒伟 男 工商企业管理 自考 王文旭 男 ... 2015年10月30日 - 王宏丽,女,1986年生,汉族,内蒙古自治区呼和浩特市人,法学硕士,法学讲师(2014年),慧聪律师事务所兼职律师。... 查看王宏丽 (丽莎 - 化妆品,河北 唐山) 的领英职业档案。加入领英,找找同事同学,结识业界同行,与其他职场人士一起驰骋职场。"
"0 中国平安人寿保险股份有限公司","平安人寿官网(life.pingan.com),为您提供产品介绍(含一对一预约咨询)、保单查询、理赔服务、品牌活动、公司新闻等信息。主要产品包括分红保险、万能险、投连险、... 返还型意外险 <鸿运随行经典版> 自驾、公共交通意外特别保障 134元/年起 累计销售1895件 返还型意外保障 0-55周岁可投保 意外伤残保障、意外身故保障 自驾、... 中国平安人寿保险股份有限公司是中国平安保险(集团)股份有限责任公司旗下的重要成员...公司地址: 所属行业:保险 官方网址: 推荐公司 中国平安 0人关注 中国人寿 0... 保费最低每天0.33元起 查看详情 少儿重疾险 <鸿运英才安心版保险产品计划> ...平安寿险官方网站 版权所有 © 中国平安保险(集团)股份有限公司 未经许可不得复制... 保险 平安人寿保险 平安养老保险 平安直通保险 平安...家庭出行综合保险 ￥135.0起 去看看 平安家庭保综合...版权所有©中国平安保险(集团)股份有限公司未经许可... 保险公司不骗人,只有人骗人。 寿险贷 保单变宝单 2-50万 最高可贷金额 参考月息 0.55%起 查看详情 —...版权所有 © 中国平安保险(集团)股份有限公司未经许可不得复制、转载或摘编,违者... 0 中国平安人寿保险股份有限公司广东分公司编辑 锁定 本词条缺少名片图,补充相关内容使词条更完整,还能快速升级,赶紧来编辑吧!中国平安人寿保险股份有限公司广东分公..."
"0 中国平安人寿保险股份有限公司 中国","平安人寿热线电话 • 投保、理赔、咨询 • 救援、查询、投诉 • 团体保险...版权所有 © 中国平安保险(集团)股份有限公司未经许可不得复制、转载或摘编,违者... 中国平安人寿保险股份有限公司是中国平安保险(集团)股份有限责任公司旗下的重要成员...公司地址: 所属行业:保险 官方网址: 推荐公司 中国平安 0人关注 中国人寿 0... 保费最低每天0.33元起 查看详情 少儿重疾险 <鸿运英才安心版保险产品计划> ...平安寿险官方网站 版权所有 © 中国平安保险(集团)股份有限公司 未经许可不得复制... 你觉得 “中国平安人寿保险股份有限公司华强北分部” 怎么样? 1 2 3 4 5 公司好不好?我来投票 0人觉得该公司很赞 ♦ 0赞 0人觉得该公司一般 ♦ ... 2017年9月8日 - 出行提醒:中国平安人寿保险股份有限公司成都分公司在大华银行(中国)成都分行(新加坡)附近(方向0.0左右)。 人均: 0 中国平安人寿保险股份有限公司成都... 6 002122 天马股份 700.00 0.90 0.59 0.66 7 000998 隆平高科 569.76 1.48...中国平安人寿保险股份有限公司-分红-个险分红 中国人民保险公司宁波市分公司 中国... [专业]答案:平安人寿,不能说是国有企业,平安人寿是平安集团的子公司,国有股份在平安集团中仅占10%多,因此,说是国有企业不是对的,顶多算国有参股的股份制企业。... 你觉得 “中国平安人寿保险股份有限公司分公司” 怎么样? 1 2 3 4 5 公司好不好?我来投票 0人觉得该公司很赞 ♦ 0赞 5人觉得该公司一般 ♦ 5..."
"0 中国平安人寿保险股份有限公司 中国 平安","平安人寿热线电话 • 投保、理赔、咨询 • 救援、查询、投诉 • 团体保险...版权所有 © 中国平安保险(集团)股份有限公司未经许可不得复制、转载或摘编,违者... 中国平安人寿保险股份有限公司是中国平安保险(集团)股份有限责任公司旗下的重要成员...公司地址: 所属行业:保险 官方网址: 推荐公司 中国平安 0人关注 中国人寿 0... 保费最低每天0.33元起 查看详情 少儿重疾险 <鸿运英才安心版保险产品计划> ...平安寿险官方网站 版权所有 © 中国平安保险(集团)股份有限公司 未经许可不得复制... 你觉得 “中国平安人寿保险股份有限公司华强北分部” 怎么样? 1 2 3 4 5 公司好不好?我来投票 0人觉得该公司很赞 ♦ 0赞 0人觉得该公司一般 ♦ ... 2017年9月8日 - 出行提醒:中国平安人寿保险股份有限公司广西分公司在永凯大厦附近(方向0.0左右)。 人均: 0 中国平安人寿保险股份有限公司广西分公司附近的热门地点评... 2017年9月10日 - 0 中国平安保险(集团)股份有限公司编辑 锁定 中国平安保险(集团)股份有限公司(以下简称“中国平安”,“平安”,“公司”,“集团”)于1988年诞生于深圳... 中国平安财产保险股份有限公司——传统——普通保险产品 中国平安人寿保险股份有限公司-分红-个险分红 中国人民保险公司宁波市分公司 中国平安人寿保险股份有限公司-投... 你觉得 “中国平安人寿保险股份有限公司分公司” 怎么样? 1 2 3 4 5 公司好不好?我来投票 0人觉得该公司很赞 ♦ 0赞 5人觉得该公司一般 ♦ 5... 平安正在从过去的1.0自营模式和2.0开放市场,进入全新的3.0时代中国平安保险(集团)股份有限公司(以下简称“中国平安”,“公司”,“集团”)于1988年诞生于深圳蛇口,..."
"0 中国平安人寿保险股份有限公司 中国 平安 安人","安装掌上万家手机客户端:查店铺,下载优惠券中国平安人寿保险股份有限公司芜湖中心...共有0条评论,排序: 时间 星级 精彩点评 我去过,我要点评 我想去,我说两句... 2017年9月8日 - 打车去中国平安人寿保险股份有限公司天津分公司多少钱: 天津市出租车的起步价是8.0元、起步距离3.0公里、 每公里1.7元、燃油附加费1.0元(不超过3.0公... 同行竞争力:低于平均得分 82.0% 加入云南招聘网:5年359天38人关注加关注在线...【平安人寿全貌】 平安简介:中国平安保险(集团)股份有限公司于1988年诞生于深圳蛇口... 你觉得 “中国平安人寿保险股份有限公司分公司” 怎么样? 1 2 3 4 5 公司好不好?我来投票 0人觉得该公司很赞 ♦ 0赞 5人觉得该公司一般 ♦ 5... 2007年中国平安凭借优异的经营业绩、强劲的利润增长进入福布斯全球上市公司500强,平安入选2010年财富500强,位列383位, 这也是中国平安继今年入选《福布斯》全球2000强... 中国平安人寿保险股份有限公司北京分公司鲁谷营销服务部诚聘保险代理人100名一、基本...0基础招募中国平安保险代理人 今天 北京 中国平 安人 寿保险股份有限公司 800... 保险公司不骗人,只有人骗人。更多关于0 中国平安人寿保险股份有限公司 中国 平安 安人的问题>> 2017年9月8日 - 成都市出租车的起步价是8.0元、起步距离2.0公里、 每公里1.9元、无燃油附加...出行提醒:中国平安人寿保险股份有限公司(四川分公司)在天府绿洲邮政所附... 2017年9月8日 - 出行提醒:中国平安人寿保险股份有限公司广西分公司在永凯大厦附近(方向0.0左右)。 人均: 0 中国平安人寿保险股份有限公司广西分公司附近的热门地点评..."
"0 延保","评论 0 0 保修期延保一年意思是:一般保修期是一年的话,延长一年就是两年了,两年以内因为质量问题坏了可以到客服免费维修。 469731068 | 发布于37 分钟前 评...更多关于0 延保的问题>> 2016年7月1日 - 暂无评价|0人阅读|0次下载|举报文档延保话术_销售/营销_经管营销_专业资料。汽车 延保 销售 延保话术推荐话术 您好,XX 先生,延保是延长保修的简称。新... 2016年6月27日 - 销售流程-系统界面 索赔流程 (详见《上海通用汽车延长保修期产品索赔处理政策和程序》) 1.0 延保维修操作细则 - 客户流程 客户 经销商 2.0 – 延保维... 同时,在考虑是否选择延保服务前,消费者更应该首先注意选择质量过硬、信誉度高的知名品牌。 向左转|向右转 评论 | 0 0 分享 其...更多关于0 延保的问题>> 2015年7月8日 - 一般4S店都会在顾客选购汽车的过程中建议其为新车购买延保服务,为提升车主的购买热情,车商也会对延保产品进行促销。一般来说,购车0-6个月内,车行店庆... 2016年3月3日 - 不过,现在您不必再担忧了,我们专门针对广大车主推出了利星行5星延保,只需一次小小投入,就能锁定未来不可预知的维修费用,为您与爱车提供长久的周全呵护。... 2017年7月21日 - 噔噔噔,特依星级延保服务解决你的后顾之忧。 特依延保到底是什么 特依延保政策,是指磨边机设备超过原厂保修期1年后,对之后设备正常使用过程中出现的零... 2014年10月16日 - 暂无评价|0人阅读|0次下载|举报文档 延保家电维修还是要钱,究竟保的是什么?_经济/市场_经管营销_专业资料。延保家电维修还是要钱,究竟保的是什么?大... 商品毛重:1.0kg 商品产地:中国大陆 类别:延保服务 更多参数>> 如果您发现商品信息不准确,欢迎纠错 正品行货 京东商城向您保证所售商品均为正品行货,京东自营商品... 2016年8月4日 - 1. 15什么是延保服务延保对客户有哪些收益维修、维护预算可控费用支出稳定平滑...气温0℃ - 40℃大于40度时加装空调冷却等冷却措施冬天通过空调功率、..."
"0 电脑 延保","最佳答案: 用处很有限。一般规律,要么12个月内该出的大问题就出来了。使用一年到2年内是最不容易出问题的时候。所以意义不大。 最佳答案: 根本没有必要,品牌机本来就没有什么可以升级的空间,你保得再久,也最多三年就得换了,没意义。更多关于0 电脑 延保的问题>> New 新安保 台式电脑/显示器 0-500元 2年期延保 返回 双击放大市场价: ￥180.00 价格: ￥150.00 免费配送。 加入购物车 加入心愿单 ... 2015年8月13日 - 延保服务Offer v0.2_计算机硬件及网络_IT/计算机_专业资料。延保服务 2014. 1. 15 什么是延保服务客户购买利德华福产品时获得的产品质保期满后,客户支... 2016年4月23日 - [晒单帖]购买延保送的要等电脑到了以后确认收货才发...j***0 购买延保送的要等电脑到了以后确认收货才发货,刚到还没用过,... New 新安保 台式电脑/显示器 0-500元 1年期延保 New 新安保 返回 双击放大市场价: ￥102.00 价格: ￥85.00 免费配送。 为您节省: ￥17.00 (8.31... 2015年2月28日 - 暂无评价|0人阅读|0次下载|举报文档 lenovo的延保服务卡报价_计算机硬件及网络_...(保内) 联想商用昭阳笔记本系列报价单明细序 号 1 2 3 昭阳K (保内... 2016年2月21日 - Lenovo 电脑 小新笔记本 拯救者笔记本 Yoga笔记本 联想笔记本经典系列 联想...社区首页 › 站务反馈 › 签到成功 增加0天延保 站务反馈 总帖数:... 最佳答案: 是的,延保服务是收费的服务,所以你选择了延保服务,就是在原有的三包服务上再加上延保的时间。如果原来没有三包服务的话,那算是增加保修服务了,不过大...更多关于0 电脑 延保的问题>> 最佳答案: 您好,延保的意义在于: 您购买的商品在原厂质保期结束以后,提供的延长质保的服务; 涉及到保修的项目同厂保一样,如果在延保期内发生的所有故障都由延保...更多关于0 电脑 延保的问题>>"
"0000 数 科江西","0回复贴,共1页 <<返回江西科技师...吧 0000 只看楼主 收藏 回复给我娜 中级粉丝 2 中通暑假工集结号吹响啦!!!进攻方向:苏州地区。战役周期:6月15左右... 慢性化脓性中耳炎与感音神经性聋的关系探讨刘红兵江西医学院第二附属医院耳鼻喉科江西南昌330006文章编号:l0000-940000-00l-0l慢性化脓性中耳炎CSOM致感音神经性... 江西师范大学地理与环境学院,江西南昌330022;2.江西出版总社教材科,江西南昌330006...(2008)10-0000-00 、’1 DEA模型的简介 和5种输出对应的权向量,v(m,砚,... 乙肝表面抗体 :0.0000 阴性乙肝表面抗原:0.0000 ...林子煌 医师 皮肤科 江西省全南县大吉山矿医院 咨询...本溪市金山医院 肝病科 电话咨询图文咨询通话数7 帮助... 用户名:* 密码:* CAPTCHA This question is for testing whether you are a human visitor and to prevent automated spam submissions. 看不清图片 验证码:... 江西 重庆联系我们 拜博文创 德菲国际培训中心 拜博口腔医疗集团 [官网]版权归...联系我们 400 0000 033 拜博口腔医疗集团[官网]版权归拜博口腔医疗集团所有 ... 2009年10月15日 - 0000 [复制链接] ruanxiafa 状态[当前离线] 发消息 发表于 2009-10-15 01...只要他能够带领摩友做好江西活动,把江西版块搞活、搞好,正人君子均可! 回... 2012年10月22日 - 客户发送短信“0000”至10086,即可快速查询、退订到截止目前除套餐内包含业务外所订购的包月类增值业务。上一篇:充值延期,轻松使用 下一篇:收费误差,... 2016年5月27日 - 数字0000-9999_20160302103224_数学_自然科学_专业资料。数字0000-9999_...200个正整数,每个数在10... 1页 免费 数码管0001-9999 1页 2下载券 数字... 2010年12月28日 - 个人资料中毕业时间如:0000年00月,这咋办,已经提交照片审查,现在该怎样修改! 2010-12-27 23:43 江西公务员考试网的回复 你好,信息审核成功后不可以在..."
"0000 数 科江西 作业中心","最佳答案: 12x10的19次方 0.00000000000000000000001993科学上把这个数的1/12定位原子质量单位并用符号u来表示,请你用科学计数法, 化学H罗景丹pL6R2014-10-03扫二维码下载作业帮 1.75亿... 个人中心 作业帮首页 > 精彩回答 下载有礼 一个铁原子的质量为0.00000000000000000000000009288kg,请你用科学记尸敗者 初一数学 2014-02-25 优质解答 下载作业... 首页 作业问答 个人中心 下载作业帮 扫二维码下载作业帮 拍照搜题,秒出答案,...0.00000000000000000000001993科学上把这个数的1/12定位原子质量单位并用符号u... 首页 作业问答 个人中心 下载作业帮 扫二维码下载作业帮 拍照搜题,秒出答案,...约为0.00000000000000000000000000000000663焦耳•秒,用科学记数法可简洁地记... 个人中心 作业帮首页 > 精彩回答 下载有礼 一个铁原子的质量为0.0000000000...数0吧,有几个0就是9.288×10^多少 臣妾办不到i 2014-02-26 9.288x10... 压缩BCD码是用4位二进制数0000—1001,表示十进制中的一位数字,标准非压缩BCD码是用0000 0000—0000 1001表示十进制中的一位数字.十进制数是一位一位的表示成BC... 2013年8月25日 - 点标签看更多好帖 原创作业 0000 674阅读 1回复 更新于 2013-08-25 19:42 过滤水帖 只看楼主楼主 0000000000 打赏 0人已打赏 评分0 回帖 收藏 |快... 毕业于江西医学院,原南昌大学附属口腔医院种植科主任...数次参加国内外口腔专业性技术深造和学术研修,对口腔...免费电话:400-0000-033 免费咖啡 免费停车 免费书吧... 最佳答案: 5.29×10的负九次方"
"000000信保中央催收团队","2017年6月12日 - 这些催收团队中有人负责打电话,有人进行调查,有人研究法律事务,也有人上门...服务中心成立以来,通过规范推进信保、抵(质)押担保等多种类型借款形式,... 2016年2月23日 - 阳光信保催收外访岗 5000-8000 | 全职 年终奖 话费补贴 交通补贴2016-02-23更新申请职位QQ 好友 微信分享 新浪微博 复制链接提示:如在投递及面试过程... 最佳答案: 1、用挂号信的方式主张债权是可以的,能够导致诉讼时效的中断。在借款人未在家或拒签的情况下,诉讼时效能否导致中断在司法实践中存在争议。民法通则规定当事...更多关于000000信保中央催收团队的问题>> 2016年2月4日 - 根据中央巡视工作领导小组的部署,中央第十一巡视组向中国出口信用保险公司(以下简称信保公司)党委反馈专项巡视情况。2016年2月1日,中央第十一巡视组组... 上海信保金融信息服务有限公司办公室地址位于中国第一...注册资本为500.000000万人民币(万元),在公司发展...我们有好的产品和专业的销售和技术团队,我公司是... 2017年6月13日 - 这些催收团队中有人负责打电话,...通过规范推进信保、抵(质)押担保等多种类型...·十八届中央最后一轮巡视结果公布,发现... 2016年12月26日 - 2008年他进入催收行业,电话催收(行业内均简称“电催”)、上门外访他都做过,去年他来到了一家以电催为主的委外催收机构带团队。尽管催收是一个古老... 2010年6月30日 - 征信授信担保品及逾期放款催收作业管理征信授信担保品及逾期放款催收作业管理隐藏>...品担到担保保及拍售业流文件编书 , 查询理作信覆品查授批建档归... 舆情首页 舆情聚焦 省内舆情 舆情调查. 舆情分析 图说舆情 法援故事 ... 2017年6月12日 - 这些催收团队中有人负责打电话,有人进行调查,有人研究法律事务,也有人上门...服务中心成立以来,通过规范推进信保、抵(质)押担保等多种类型借款形式,..."
"000000健健康险徐汇职场","典型的缺电现象 更换电池!!! 新宝塔(河南)保险箱制造有限公司 福州销售处为您服务!!!更多关于000000健健康险徐汇职场的问题>> 最佳答案: 根据您的描述,可以确定是电池电压不足,每次输入后系统均重启检测电压。 一、用外用应急电源装上电池后插入应急电源插孔,输入密码,开门 二、用应急钥匙,...更多关于000000健健康险徐汇职场的问题>> 工商注册:1989(人民币356.000000万) 成交记录:2笔 建设工程责任保险与案例评析...中国平安财产保险股份有限公司上海徐汇公司 上海市 中国平安财产保险公司遵循“... 文件格式:DOC/Microsoft Word - HTML版 书名:供给侧改革下的健康保险盈利模式研究 原价:30元 作者:000000 出版社:中国金融出版社 出版日期:2016/5/1 0:00:00 ISBN:9787504984562 字数:2060... 2017年4月27日 - 持续降低制度性交易成本激发市场活力;部署对大气重污染成因和治理开展集中攻关,以生态改善提高人民生活质量;决定在粮食主产省开展提高农业大灾保险保... 000000详情点击 详情点击 详情点击 e享健康重大疾病保险计划保100种疾病 | 多重豁免 | 满期130%给付生存金 | 最高赔付100万 最高15倍积分 保100种疾病(70... 交通意外伤害身故/残疾 飞机意外伤害40万元;火车、轮船意外伤害20万元;汽车意外伤害20万元 如果被保险人在保险期间,以乘客身份乘坐相应商业营运交通工具期间因遭受意外... 公司地址: 福州(邮编:000000) (地图) 你觉得 “...公司名称: 和谐健康保险股份有限公司福建分公司 公司...职场分析师 职场法规 安全求职 HR助手 官方APP网友... 2017年1月24日 - 第6.2节?学员手册无此内容我们应该——如何推介健康险?准客户开拓客户服务递送保单方案说明方案设计寻找购买点收集客户资料接洽约访000元000000=0元1..."
"000000健成都理赔新职场","2003年11月24日 - 一般来讲,公司对新进的员工都有一个试用期,但该私营企业还有见习期,不知道试用期跟见习期有什么不同? 主持人:以试用期为由不签劳动合同的做法是不合法... 成都保险核保/理赔招聘信息 成都保险核保/理赔求职简历 品牌专区>> 类别: 不限 保险经纪人 保险精算师 保险核保/理赔 保险客户服务/续期管理员 保险培训师 ... 2003年10月16日 - 顺利度过试用期 职场新人要做到“四勤” 2003-10-16 00:00:00 作者: 对于已经签订了就业协议的毕业生来说,接下来就将进入试用期。试用期是一个很重要... 2002年11月4日 - 经历职场苦涩中伤 谢谢你对我的伤害2002-11-04 00:00:00 作者: 也许我们都该感激那些小人给予我们的伤害,才让我们背负委屈,在痛苦中终于寻找回丢失... 查看000000的完整档案 公开档案徽章 在其他网站显示领英档案查看公开档案徽章 查找姓名为000000 00000的其他会员更多姓名为000000 00000的职场人士... 最佳答案: 一般没什么关系,不需要再有别的什么操作,如果你不放心,可以用360安全卫士进行下系统修复更多关于000000健成都理赔新职场的问题>> 保险理赔员 今天 华夏人寿保险股份有限公司成都电话销售中心 [四川/成都/] 1年/高中 6000-10000 证券 | 民营/私企 | 500人以上 保险理赔 9-3 华夏人寿保险... 公司名称:000000 公司规模:20人以下 公司行业:计算机/网络/通信 公司类型:外商独资 联 系 人:jjjack 联系电话: 公司地址:云南昆明瑞丽在... 2011年4月3日 - 000000钢筋工程施工方案 000000防水施工方案21/2 相关...0​0​0​0​0​0​职​业​健...职场生存攻略 思维导图经典案例 Excel键盘快捷键 Photosh... 客服销售 今天 中国平安人寿保险股份有限公司成都市金牛...首页 > 热门职位招聘 > 成都保险理赔培训讲师招聘 ..."
"000000养上海徐汇区凯滨路206号上","公交线路:地铁1号线 → 地铁12号线,全程约9.1公里 1、从上海火车站步行约140米,到达上海火车站 2、乘坐地铁1号线,经过1站, 到达汉中路站 3、步行约200米,...更多关于000000养上海徐汇区凯滨路206号上的问题>> 2015年4月28日 - 上海平安付商务信息咨询有限公司以下简称平安付,目前搬到上海市徐汇区凯滨路206号A栋,周卫都在施工建设,到处乌烟瘴气,灰尘满天飞,公司新装修的办公室... 最佳答案: 公交线路:地铁12号线 → 地铁8号线,全程约13.0公里 1、从凯滨路206号步行约430米,到达龙华中路站 2、乘坐地铁12号线,经过6站, 到达曲阜路站 3、...更多关于000000养上海徐汇区凯滨路206号上的问题>> 平安付智能技术有限公司 公司规模:500-999人 公司性质:民营 公司行业:互联网/电子商务 公司地址: 上海市徐汇区凯滨路206号绿地中心2期A座 ... 上海平安大厦 地址: 徐汇区凯滨路166-206号 4.2 包房展示 计费标准 详细信息网友评论 到这里去 从这里出发 在附近找 大家在看 换一批 <&for(var i ... 最佳答案: 7,12号线龙华中路站 地址:凯滨路166号上海平安大厦B座19楼更多关于000000养上海徐汇区凯滨路206号上的问题>> 2016年10月18日 - 该标的位于徐汇区凯滨路19弄6号1102室,土地使用权取得方式为出让,土地用途为住宅,土地使用期限2010年6月23日至2074年8月30日止。建筑面积为65.24平... 工作地点:上海 发布日期:15天前 工作性质:全职 工作经验:1-3年 最低学历:本科...地址:上海市徐汇区凯滨路206号平安大厦A栋10楼联系人: 蒋小姐 查看职位地图 ... 同业业务是目前市场上同类平台中第一家使用区块链新技术创新应用的交易平台,;聚焦...1 上海,徐汇区 上海徐汇区海市凯滨路206号上海平安大厦A座21楼 2 深圳,南山... 2 2016-12-20 注册资本(金)变更 1000.000000万人民币 3100.0000万人民币 3...地址: 上海市徐汇区凯滨路206号20-21楼查看地图 *以上信息由企业官方认证 更正..."
"000000养养老险总部洛阳分中心","个人介绍 险种推荐 我的分享 养老险指南 在线留言指南排行榜 更多>> 香港...所属机构: 中国平安人寿保险股份有限公司洛阳支公司 所在地区: 河南 洛阳 关注... 2017年养老保险有哪些变化:201... 2017年养老保险交多少年最划算,养... 养老...所属机构: 泰康人寿保险集团洛阳中心支公司西工服务部 所在地区: 河南 洛阳 ... 2017年9月12日 - 洛阳国寿分红险,洛阳国寿理财险,洛阳国寿万能险,洛阳国寿重疾险,洛阳国寿儿童险,洛阳国寿少儿险,洛阳国寿女性险,洛阳国寿健康险,洛阳国寿养老险,洛阳... 2015年4月28日 - 为此,《洛阳晚报》记者请教市社保局相关负责人,为您更详细地解读我市企业退休人员基本养老金上调政策。养老金能涨多少,看看这篇文章就知道。 人均增幅... 共有1页 回复贴: 0 <<返回洛阳吧000000 只看楼主 收藏 回复 我不素淑女 洛浦秋风 11 抢沙发 本贴沙发位置 会员特权抢先体验 立即开通 () 回复 ... 2016-10-10 注册资本(或外资中方认缴资本)变更 200万元 1000.000000万元 天眼查洛阳瑞珠养老服务有限公司信息查询, 为您提供洛阳瑞珠养老服务有限公司信用信息查询、... 洛阳市老城区永顺养老院 地址:洛阳市王城大道88号交运集团大门南侧 床位数:110张 收费区间:1100-4000 洛阳群安医养院 地址:河南省洛阳市洛龙区洛河南岸牡丹桥... 叶女士自2004年加入平安,曾任中国平安人寿保险股份有限公司总经理助理兼运营中心...王先生于2005年加入平安,曾任平安养老险总部年金投资部总经理。王先生获上海交通... 首页 集团介绍 安邦金融 社会责任 新闻中心 安邦动态 信息披露 媒体报道 公司荣誉 关于安邦 加入安邦 更多集团架构 查看更多>客服电话:95569 直销电话:400-111-... (或外资中方认缴资本)变更 5000万元 10000.000000...天眼查洛阳中益笑春风养老产业开发有限公司信息查询,...洛阳单晶硅集团有限责任公司 洛阳金灯商贸有限公司 ..."
"000000养老金公司总部","2015年9月8日 - A000000《企业基础信息表》填报说明_财务管理_经管营销_专业资料。A000000《企业基础信息表》填报说明 纳税人在填报申报表前,首先填报基础信息表, 为... 本站在这里提供邮政编码000000归属地查询信息,提供相应的省份(省/自治区/直辖市/特区)、地区(市/区/县)及详细位置(乡镇/街道)名称。 ... 3 2016-09-13 注册资本(金)变更 200000.000000万人民币 300000.0000万人民...公司总部设在上海,注册资金8亿元人民币。2005年8月2日,太平养老保险首批获得... 最佳答案: 它代表无法显示电话号码,就像没开通来电显示一样,应该是用某种软件隐藏的,这种也没办法拉取黑名单,你这种情况属于骚扰电话,应该打你所用手机卡查询相应...更多关于000000养老金公司总部的问题>> 2016-10-28 公司注册资金10000.000000具体是人民币多少呢? 2015-12-07 工商局营业执照显示1000.000000万元人民币?? 2013-01-26 注册资本1000.000000万元人民币...更多关于000000养老金公司总部的问题>> 下面是属于邮编 000000 所对应的公司企业信息索引列表,点击组织机构名称进入完整页面,可查看带有地图、链接的更多内容。 参看: 邮编库中的邮政编码000000 上海 工商... 000000 来自: 德玛 2015-10-23 20:27:52 ...然后现在不知道我舅舅舅妈,作为没有养老金,还要供一...反正我是觉得但凡差不多的企业待遇都比公务员好... 关注000000的朋友全集中在q群:700484 看盘中解答 韩环境917 2015-06 关注000000的朋友全集中在q群:700484 看盘中解答呢,买卖.走势提醒,看了就知道怎么作了。... 最佳答案: 代表:千/百/十/个/十美分/个美分更多关于000000养老金公司总部的问题>> 2015年3月9日 - A000000 企业基础信息表正常申报□ 101 汇总纳税企业 102 注册资本(万元) 103 所属行业明细代码 104 从业人数 105 资产总额(万元) 是(总机构□ 更正申..."
"000000医医疗健康总部","三类医疗器械、日用百货销售;保健食品、食品销售(须...4 2016-05-06 注册资本变更 100.000000 显示更多...公司总部设立在上海,在全国拥有超过千家直营和加盟... 扣除保荐及承销费用人民币13,000,000.00元,...服务模式建设项目、营销服务体系扩建项目、总部基...健康服务业务和“4+1”(即云医、云康、云药... 所属产业:医疗健康 总部地点:安康市 成立时间:2005年 年营业额:10,000,000￥...安康长江医院与第四军医大学医学部合作建立“院院技术合作关系”,成为第四军医... 服务(不涉及提供住宿、医疗诊断、治疗及康复服务);营养健康咨询服务;企业总部管理...变更前:3008.000000 (单位: 万元),变更后:3508.0000 (单位:万元) 2016-09... 其他: 健康商城 健康百科 医药招商 健康专题 医疗会展 公益互动 移动...久久健康网> 久久问医> >如何治疗感冒000000 如何治疗感冒000000... 2013年7月31日 - 我的win8错误代码:000000f 无法开机了 怎么办??医疗 健康 心情 匿名 13-07-31 匿名提问 发布 0个回答 时间 投票 分享到: 分享到微信朋友圈: 打开... 000000收藏产品 参考价 ¥ 2180.00 ¥ 2140.00 起批量 1-4 千克 ≥5...我们专注天然植物活性成分精准提取,努力打造全球一流健康产业原料供应商。 ***... 2014年12月16日 - 大家都在搜:如何治疗感冒000000 问题广场>> ...湖北省妇幼保健院武汉大学中南医院广州军区武汉总医...类风湿泌尿外科脑梗塞脑瘫脑萎缩帕金森输卵管堵... 天眼查为您提供江苏上医健康医疗产业有限公司信息查询、诉讼财务信息查询、注册信息查询、电话地址查询等企业信息查询服务,了解江苏上医健康医疗产业有限公司信用报告、... 工商注册: 2009(人民币30.000000万) 年营业额:...保健茶的有限责任公司,具备茶类QS生产资质,总部...医疗器械的研发、生产、销售为一体,以技术服务、技术..."
"000000好平安好房总部","平安好房是平安好房(上海)电子商务有限公司创建的中国最大房地产电子商务网站。作为中国平安集团旗下重要成员之一,依托于中国...更多关于000000好平安好房总部的问题>> 2015年10月8日 - 随后一段时间,平安好房并没有去做消灭中介的事,只是一再推出好房宝、好房贷、车位贷、装修贷等一系列互联网金融产品,使得业内把平安好房看成是一... 好房天津分公司 地址:天津市河西区马场道59号增1号平安大厦B座10层A、B单元 电话:400-868-1111 好房上海分公司 地址:上海市浦东新区浦电路360号陆家嘴投资大厦... 平安好房网拥有一支事业心强、团结进取、朝气蓬勃的经营管理及技术研发团队。创始人团队和管理层,拥有10年以上的互联网和房产...更多关于000000好平安好房总部的问题>> 最佳答案: 其实老马只做平安二手房内部员工业务都忙不过来。所以内部资源已经足够用了,等所有的流程都顺畅了,再开发外界的也不迟啊!更多关于000000好平安好房总部的问题>> 平安好房是2014年1月于上海创建的领先的房地产互联网金融平台。作为中国平安集团旗下重要成员之一,依托集团全金融牌照及强大的保险、银行、投资等综合金融业务支柱,... 2016年10月19日 - 2016-10-19 19:16:38平安好房|分享来源:平安好房 沈阳房交会组委会网站公示,2016沈阳冬季房交会将于11月25日-27日在沈阳国际展览中心举办,10月28... 2016年2月17日 - 2月17日,平安好房2016年年会盛典在上海宛平剧院隆重举行,独秀为平安好房设计的...上海总部地址:静安区共和新路1301号蓝天绿地B栋901室 北京公司地址:朝阳区惠河... 2014年5月27日 - 平安好房上线以来各方关注度如此之高实为罕见,除了作为平安金融帝国的全资子公司、土豪金主马明哲“医、食、住、行、玩”的互联网战略部署之外,更是... 成立一年以来,作为平安好房的CEO,庄诺实现了平安好房的新房成交量从0到100亿元的突破。 庄诺告诉人民网记者:“未来,平安好房要..."
"000000平安银行","同时,平安车险还为车主提供免费道路救援服务,一个电话就搞掂 专家建议您的车险方案: 车辆损失险 第三者责任险 全车盗抢险 司机 乘客座位责任险 车身划痕险 不计... 000000是江苏省苏州市常熟市下属区域的邮政编码,下面还有属于该邮编的详细地址列表。... 本站在这里提供邮政编码000000归属地查询信息,提供相应的省份(省/自治区/直辖... 30万后面有个点更多关于000000平安银行的问题>> [专业]答案:#0000000就是黑色 前00是R(红) 中00是G(绿) 后00是B(蓝) 满值都是FF,所以纯白是#FFFFFF更多关于000000平安银行的问题>> 关注【平安银行深圳分行股份有限公司】,实时查看Ta的最新消息。 您只需要: 1 用微信“扫一扫”右边的二维码 2 在微信中“关注”我们 3 点击公众号菜单“我的百姓... 最佳答案: 50.000000万(人民币)是伍拾万元整 小数点之后,有多少零都白搭更多关于000000平安银行的问题>> 银行行号: 307290029508 邮政编码: 000000 详细地址: 上海市 备注:平安银行股份有限公司上海自贸试验区分行的相关信息同步自中国人民银行。返回首页 平安银行股份... 2016年4月13日 - 截至2016年2月,信用额度7,000,已使用额度6,669。 3.2015年7月3日平安银行信用卡中心发放的贷记卡(美元账户)。截至2016年3月,信用额度折合人民币22,000... 文件格式:DOC/Microsoft Word - HTML版 关注000000的朋友全集中在q群:700484 看盘中解答 韩环境917 2015-06 关注000000的朋友全集中在q群:700484 看盘中解答呢,买卖.走势提醒,看了就知道怎么作了。..."
"000000数南开区白堤路1号平安大厦2","电话:暂无 地址:天津市南开区白堤路1号【报告地址电话错误】 查看大地图:中国平安保险公司天津分公司 酒店机票预订: 天津特价酒店预订 飞机票预订 火车票 交通... 最佳答案: 平安大厦,在白堤路长江道交口,对面是二轻控股的小楼 附近的站点有白堤路上的二十五中学站,有859、849、609、640路。 还有长江道上的南丰路站,有3、905...更多关于000000数南开区白堤路1号平安大厦2的问题>> 地址:天津市南开区白堤路1号平安大厦电话:022-56565678 天津市智博投资咨询有限公司 - 详情»地址:天津市河西区马场道59号国际贸易中心大厦(平安大厦)a座9层 ...更多关于000000数南开区白堤路1号平安大厦2的问题>> 2016年3月16日 - 平安产险天津分公司2016招聘招聘。? 财产险理赔岗招聘人数:1人工作地点:天津市南开区白堤路1号平安大厦工作职责:1、对财产险案件进行现场查勘、调查等... 工作经验:1-3年 (应届生亦可) 年龄:不限 招聘人数:999人 联系电话: 查看完整电话 工作地点:天津天津南开区白堤路1号平安大厦 查看地图 附近租房房源 公司... 2017年3月24日 - 工作经验:不限 最低学历:不限 招聘人数:2人 职位类别:助理/秘书/文员职位...天津市天津市南开区白堤路1号平安大厦 工作地址: 天津市南开区白堤路1号... 注册地址: 南开区白堤路1号(平安大厦三楼) 经营范围: 数据库及计算机网络服务、电子网络系统软件技术开发、经济信息咨询(中介除外)。(国家有专项专营规定的按行业... 2013年6月18日 - 招聘平安产险天津分公司2013招聘。? ? 财务部预算管理岗招聘人数:1人工作地点:天津市南开区白堤路1号平安大厦工作职责:1、负责分公司预算编制、日常签... 2016年12月15日 - 公司地址:天津天津市南开区白堤路1号平安大厦 岗位福利 社保福利 养老保险 医疗保险 工伤保险 失业保险 生育保险 住房公积金 其他福利 加班补助 做五... 最佳答案: 平安大厦(长江道) 地址:南开区白堤路1号更多关于000000数南开区白堤路1号平安大厦2的问题>>"
"000000数深圳总部A2","慧聪网(Hc360.com)供应商深圳市台信电子有限公司106K51-000000-A2-R原装正品 一级代理 香港。深圳市台信电子有限公司,是多家国际知名半导体厂商在中国的代理商... 深圳市恭文科技有限公司 电话:0755-82782277 手机:13823737353 联系人:王先生 地址...免责声明:以上所展示的132A12-000000-A2-R信息由会员自行提供,132A12-000000... 慧聪网(Hc360.com)供应商深圳市恭文科技有限公司112A61-000000-A2-R 现货原装 STARCO。 功率:1 类型:其他IC 型号:112A41-000000-A2-R 批号:2011 用途:电脑 品牌:STARCONN 封装:原厂原装 深圳市台信电子有限公司,是多家国际知名半导体厂商在中国... 马可波罗网(makepolo.com)提供深圳市恭文科技有限公司相关企业介绍及产品信息主要以112A45-000000-A2-R 原装芯片 STARCONN代理商 IC 正品为主,还包括了112A45-... 112G10-000000-A2-R参考价格: RMB浏览量:发布者:yitao加入收藏() 推荐给好友...地址:深圳市龙岗区坂田 服务: 价格: 综合: 营业时间:日常营业 ... 2017年6月9日 - 注册资本(万元):100.000000 注册资本币种:人民币 ...变更前:深圳市福田区华发北路明通数码城二期A2-239...信息来源于北京中数智汇科技股份有限公司提... 鑫贝西单人二级A2生物安全柜BSC-1100IIA2-X 鑫贝...工商注册: 2012(人民币50.000000万) 年营业额:...公司简介:深圳市三利化学品有限公司,成立于2001年,是... 工商注册: 2013(人民币50.000000万) 年营业额:...销售上海二工APT按钮LA39-A2-20X/K 批发销售韩国...公司简介:深圳市华晨自动化设备有限公司 经销批发的传感器... 工商注册: 2004(人民币50.000000万) 年营业额:...公司简介:深圳市佳铭士机电科技有限公司 成立于2006...CKD电磁阀M4GA2-00-12/K厂家价格 CKD电磁阀M4G..."
"000000数科广东作业中心","最佳答案: 2.51×10 ﹣7 米 最佳答案: 将31700 000000用科学记数法表示为:3.17×1010.故答案为:3.17×1010. 个人中心 作业帮首页 > 精彩回答 下载有礼 、某种禽流感病毒变异后的直径为0.00000012米,将这个数写成科学记数法是 A、1.2×10... 首页 作业问答 个人中心 下载作业帮 扫二维码下载作业帮 拍照搜题,秒出答案,...5.-7763919保留三个有效数字是___,0.000000706用科学记数法表示为___.6.1... 最佳答案: 1.2×10的负6次方 2015年7月5日 - 2012-2013学年广东省深圳市宝安区高二(下)期末数学试卷(文科)000000_数学_高中教育_教育专区。期末复习一、选择题 1.不等式 x<x 的解集是( ) A.(0,1) ... 最佳答案: 2×10 ﹣7 最佳答案: 解答:解:将3ssssss用科学记数法表示为3×八s6.故答案为:3×八s6. 2012年12月6日 - 根据《中华人民共和国公务员法》和《广东省总工会公开选调2012年公务员公告》,经审核报名资料,蓝丽婷等124名同志入围笔试,现将笔试名单公布如下: 序号... 我国18岁以下的未成年人约有367 000 000人.此数据用科学记数法可表示为( )...用app只需扫描书本条形码就能找到作业,家长给孩子检查作业更省心,同学们作业对..."
"000000数科河北作业中心","首页 作业问答 个人中心 下载作业帮 扫二维码下载作业帮 拍照搜题,秒出答案,...5.-7763919保留三个有效数字是___,0.000000706用科学记数法表示为___.6.1... 最佳答案: 2.51×10 ﹣7 米 最佳答案: 将31700 000000用科学记数法表示为:3.17×1010.故答案为:3.17×1010. 最佳答案: 解答:解:将3ssssss用科学记数法表示为3×八s6.故答案为:3×八s6. -1.06×10的负7。。。 最佳答案: 7乘10的-7次方 9月21日,中国邮政储蓄银行(股票代码:1658.HK)成功发行72.5亿美元境外优先股,全球资本市场反响热烈,投资者认购踊跃。本次标杆性交易在国际资本市场上创下多个记录... 暑假作业答案 在线课程 考拉精品课程 【答案】【解析】科学记数法的表示形式为a...科目:初中数学 来源: 题型: 某种益生菌直径为0.000000314厘米,用科学记数... 据魔方格专家权威分析,试题“有一种原子的直径约为0.00000053米,用科学记数...“魔方格学习社区”各栏目介绍之--问答:平时做作业,有题搞不定?来魔方格问答... 分享到 日前,野生动物摄影师Russ Bridges同妻子一起拜访约克郡野生动物园时,拍下了一组非常滑稽的照片。 英国两头雄狮同性交配 母狮一旁看热闹(5张) 分享到 探..."
"000000数科河南作业中心","最佳答案: 将31700 000000用科学记数法表示为:3.17×1010.故答案为:3.17×1010. 最佳答案: 解答:解:将3ssssss用科学记数法表示为3×八s6.故答案为:3×八s6. 最佳答案: 2.51×10 ﹣7 米 首页 作业问答 个人中心 下载作业帮 扫二维码下载作业帮 拍照搜题,秒出答案,...5.-7763919保留三个有效数字是___,0.000000706用科学记数法表示为___.6.1... 最佳答案: 2×10 ﹣7 最佳答案: 7乘10的-7次方 -1.06×10的负7。。。 李玉赋在全国总工会党组理论学习中心组会议上强调 用马克思主义中国化最新成果武装头脑 深入推进工会工作创新发展 2017中巴青年职工“互学互鉴”研讨营在京开营 ... 暑假作业答案 在线课程 在线搜题 5.67×10-7分析:绝对值小于1的正数也可以利用...科目:初中数学 来源: 题型: 数字567 000 000用科学记数法表示为( ) A、... 王云云 未公开 20.000000万 状态: 注册时间: 存续 2010-12-09 行业...天眼查杭州数科交通设施有限公司信息查询, 为您提供杭州数科交通设施有限公司信用..."
"000000数采购管理中心","2016年3月1日 - 采购管理中心部门职能说明书部门基本信息 ·部门名称: ·部门负责人: ·直接上级: 部门使命 组织开展采购管理与仓储管理工作,为公司生产提供物资供应... 是3000000这是3百万更多关于000000数采购管理中心的问题>> 2016年11月29日 - 采购管理中心订单管理制度理一、目的 1、为了体现所有采购订单的严谨性,确保采购订单的物料能够满足生产计 划; 2、规范采购管理工作,加强采购过程控制... 企业管理 法律法规 社会民生 科学教育 健康生活 体育运动 文化艺术 电子...2015-12-07 工商局营业执照显示1000.000000万元人民币?? 2013-01-26 注册资...更多关于000000数采购管理中心的问题>> (二)除已由资格供应商提供服务的项目外,学校的工程、货物、服务等单项采购项目符合下列范围及规模标准的,必须由招标采购管理中心组织校内公开招标:经费预... 【招标公告】 财政局预算管理系统招标公告 江门市政府采购中心受江门市财政局的委托...一、采购项目编号:440700-201704-000000-0001二、采购项目名称:江门市财政局... 2011年10月29日 - 紧急采购 » 000000 福步广交会名片-海外买家名片,点此获取>> 福步人自己的...严格的质量管理体系,通过ISO9001:2008质量管理认证和SGS CE FCC ROHS等... · 空调机组过滤器采购项目中标合同... 我要咨询 常见问题 下载中心 | 更多 2018年度中央行政事业单位通用资... 中央国家机关软件资产管理专项检... 各地机关事... 2017年5月23日 - (1)中标供应商名称:赛尔数维(北京)科技有限公司 (2)中标供应商联系地址:北京市石景山区实兴大街30号院3号楼8层8779房间 (3)中标金额:人民币2160.00000... 2015年10月23日 - (主 管级) 餐饮招商二部(主 管级) 12.负责企划工作 13.负责采购部全体人员的管理和考评工作 14.负责与其他部门沟通协作工作 15.负责定期巡店,与店铺及..."
"000000科技成都","成都时代立夫科技有限公司主要经营:等产品。公司尊崇“踏实、拼搏、责任”的企业精神...2012年12月10日 法定代表人:段金柱 注册资本:4469.000000 登记机关:成都市... 蜀ICP备000000号 技术支持:中国万网 思瑞Croma10218, 为优甲科技开创划时代.....成都优甲科技有限公司,创办于1992年,公司地址位于成都金泉路5号。成都丰耐科技... 成都云图控股股份有限公司 70.0% 1400.000000 - 企业法人 成都铂雷互动网络科技有限公司 30.0% 600.000000 - 企业法人主要人员 4 姓名职务 对外投资与任职 ... 注册地(住所) 成都市双流县西南航空港经济开发区电子科技大学成都研究院内 法定代表人 张力 注册资本(万元) 2000.000000人民币 经济类型 国有独资公司(企业)... 2013年12月25日 法定代表人:何学成 注册资本:3000.000000 登记机关:四川省...四川越琪科技有限公司网络1部 中国检验认证集团四川有限公司 四川成都成工工程机... 成都百腾科技有限公司主要经营:null等产品。公司尊崇“踏实、拼搏、责任”的企业精神...2006年03月03日 法定代表人:杨冬 注册资本:2000.000000 登记机关:成都市工商... 公司地址:成都市天府软件园 (邮编:000000) 发送到手机 地图 公司官网:http://www.idealens.com *发布本招聘广告企业的营业执照名称:成都虚拟世界科技有限公司 ... 成都神树科技有限责任公司主要经营:等产品。公司尊崇“踏实、拼搏、责任”的企业精神...成立日期:2012年11月19日 法定代表人:何熙 注册资本:100.000000 登记机关:高... 注册资本:100.000000 万人民币 开业商务服务业 想了解成都云遥互动科技有限公司企业投资信息?启信宝为您揭示成都云遥互动科技有限公司投资公司的详细信息,成都云遥互... 成都迪川科技发展有限公司 主要经营配套电机 阀门 泵 阀门... 成都迪川科技发展有限公司是现代科技型股份制经济实体...8050.000000 登记机关:成都市双流区市场和质量..."
"000000融资租赁公司筹备组",".000000万人民币(万元),在公司发展壮大的2年里,我们始终为客户提供好的产品和技术支持、健全的售后服务,我公司主要经营融资租赁业务;租赁业务;向国内外购买租赁... 2015年2月13日 - 000浅析对融资租赁合同无效的确认及处理_法律资料_人文社科_专业资料。浅析对融资...由此可 见,从事融资租赁业务的公司都必须经批准才能设立。融资租... 名称 国新融资租赁有限公司 类型 有限责任公司(台港澳与境内合资) 法定代表人 郑则鹏 注册资本 200000.000000万人民币 成立日期 2016年11月28日 经营期限自 201... 名称 华电融资租赁有限公司 类型 有限责任公司(台港澳与境内合资) 法定代表人 殷红军 注册资本 200000.000000万人民币 成立日期 2013年09月09日 经营期限自 2013... 2013-04-022013年莱茵达国际融资租赁有限公司新员工入职仪式 2013-03-12公司领导...文三路535号莱茵达大厦19层 Tel:0571-81060558 Fax:0571-81060565 浙ICP000000... 2015年11月16日 - 91浅谈融资租赁资产管理000000 -6理、处置信息;;非经规定程序批准不能自用,并...制定融资租赁资产的回收及处置流程;融资租赁资产一旦形成,立刻占压融... 上海理盛融资租赁有限公司是一家经主管部门批准、在上海自贸区设立的中外合资融资...注册资本: 20000.000000万人民币 (万元) 所属分类: 租赁业黄页 所属城市: ... 名称 国网国际融资租赁有限公司 类型 有限责任公司(台港澳与境内合资) 法定代表人 康建瓴 注册资本 128800.000000万人民币 成立日期 2011年07月13日 经营期限自... .000000万人民币(万元),在公司发展壮大的3年里,我们始终为客户提供好的产品和技术支持、健全的售后服务,我公司主要经营融资租赁业务;租赁业务;向国内外购买租赁... 天眼查发现中今(上海)融资租赁有限公司,注册资本17000.000000万人民币,法人CHO MOTOHIRO,成立时间2014-05-23,高管:Yang Pang,CHO MOTOHIRO。股东:安誉企业有限公。"
"000001寿上海市浦东新区瑞昌路277","最佳答案: 中国平安人寿保险股份有限公司 那里一般是做电话销售的更多关于000001寿上海市浦东新区瑞昌路277的问题>> 地址:上海市市辖区浦东新区瑞昌路277号【报告地址电话错误】 查看大地图:睿翔园2号门 酒店机票预订: 上海特价酒店预订 飞机票预订 火车票 交通换乘 门牌查询 酒店... 最佳答案: 2000--3000元更多关于000001寿上海市浦东新区瑞昌路277的问题>> 为了解决用户可能碰到关于中国平安集团(上海)总部是在上海市浦东新区瑞昌路277号吗? 它是不是叫中国平安人寿保险股份有限公司?相关的问题,突袭网经过收集整理为... 圣爱大厦 集中作业部 上海市徐汇区漕溪北路88号 (021)50154317 瑞昌路寿险 集中作业部 上海市浦东新区张江镇瑞昌路277号G幢 (021)50154317 明南路 集中作业部 ... 2016年9月28日 - 网 址:www.pingan.com 地 点:上海市浦东新区瑞昌路277号 睿翔园职场(平安集团上海总部) 上海市浦东新区上丰路1158号 张江职场 (平安集团上海总部)收... 中国保险监督管理委员会 网点地址:中国上海市浦东新区瑞昌路277号东亚银行数据中心4幢1层张江支行 收藏 分享 打印 分享 分享当前网点内容给好友 分享到: 东亚银行上海张江支行周边网点 ... 平安银行股份有限公司(简称:平安银行,股票简称:平安银行,股票代码:000001)是原...联系电话: 公司地址:上海浦东新区瑞昌路277号在招职位 该公司暂无招聘职位,请查看... 2017年2月3日 - 地址:上海金融信息服务产险基地二期职场(上海市浦东新区瑞昌路277号) 邮编:201201 工作地址: 上海金融信息服务产险基地二期职场(上海市浦东新区瑞昌..."
"000001寿个成都核保保全","A股 股票代码:SZ000001重要公告 投资者关系 媒体关注平安银行股份有限公司基金代销业务费率优惠公告2017-09-20 关于“平安银行大力开展金融知识进... 平安银行(000001) 概况 每股收益: 0.68 流通股: 169.18亿股 每股净资产: 11.15 净资产收益率: 5.94 截止日期: 2017-6-16 总股本: 171.70亿股 流... 平安银行 (000001) 17-01-06 13:26:39 昨收: 9.12今开: 最高: 最低: 成交量: 24.18万成交额: 2.21亿换手率: 0.17%市值: -- 涨停价: 10.03... 平安银行股份有限公司(简称:平安银行,股票代码:000001)是原深圳发展银行以吸收...销售干部·核保·定损员·售后服务专员 中国平安人寿保险股份有限公司四川分公司郫县... 有人说是保险业务员素质低,有人说保险公司骗人,其实都不是根本原因,根本原因是,保险业在我国的发展就是一个社会主义初级阶段。 保险公司,其实在我国很早就有了,... 2017年5月13日 - 团队合伙人 销售主管信息,还可查看“成都核保/理赔/契约管理/受理台”招聘信息...并于1991 年在深圳证券交易所上市(股票代码:000001),目前持有平安银... 新产品销售及客户售后服务(续期收费、保全服务、协助...平安银行的 000001 中国平安拥有超过63.5万名寿险销售...非车险核保招聘 非晶带材制作招聘 非食品采购经理招聘... 2014年12月23日 - 000001 平安银行600422 昆明制药300150 世纪瑞尔600720 祁连山000926 福星...成都:上影国际影城橙天嘉禾影城凯丹店 特价影票4折起在线选座 iphone客户... 成都华夏人寿的网友 :你好只要业务员有保险代理资格...媒体晒出个位数奖金的现象,将平安银行(000001,股吧)...保全服务 保单查询 相关下载 投诉建议 关于我们 新一... 2012年3月10日 - 在昨日召开的业绩发布会上,深发展(000001,股吧)(000001)董事长肖遂宁表示,公司3年没有分红源于银监会政策制约,而在中国平安(601318,股吧)(601318)..."
"000001寿个险上海","新浪财经为您提供上证指数(000001)股票实时行情走势,实时资金流向,实时新闻资讯,研究报告,股吧互动,交易信息,个股点评,公告,财务指标分析等与上证指数(000001)股票... 最佳答案: 每个省份警察都有自己独立的编号,比如所有的公安厅厅长就000001号,一个较好有几个省就几个人。.更多关于000001寿个险上海的问题>> 提供上证指数(000001)的行情走势、资金流向、行业概念板块排行、成份股排行、大盘分析、证券要闻、市场总貌、股吧互动等与上证指数(000001)有关的信息和服务。 股票分A,B股,有上证指数,还有A股指数和B股指数更多关于000001寿个险上海的问题>> 2008年5月8日 - 上海老领导之一孟建柱,现在是国务院委员兼公安部长,他警服上的警号是:000001,真牛啊! 财产: 35929 爱卡币 牛B!!! ... M型顶是可以演变为M型顶 也可能变成另外一个右肩 判断要看成交量 只要上海本地股与迪士尼能继续维持放量上攻姿态自然无忧 一但缩量M顶 才会形成 目前未见有缩量... 2016年11月15日 - (上海保险交易所资管平台首单挂牌发行产品—上保资初登【2016】000001号...“长江养老—太平洋寿险保单贷款资产支持计划”于11月10日在上海保险交易... 3天前 - 证券之星提供平安银行(000001)股票行情,实时分析,平安银行(000001)公司资料,新闻动态,资金流向,技术分析,财务分析,分红,股本等,平安银行(000001)个股... 上证指数(000001)指数的最新行情和大盘走势... 保险 外汇 期货 贵金属 收藏 职场 管理 3G 企业 人物 ...上证指数(000001)沪A 上涨:家 平盘:家 下跌:家 沪B ..."
"000001寿成都核保保全","平安银行(000001) 概况 每股收益: 0.68 流通股: 169.18亿股 每股净资产: 11.15 净资产收益率: 5.94 截止日期: 2017-6-16 总股本: 171.70亿股 流... A股 股票代码:SZ000001重要公告 投资者关系 媒体关注平安银行股份有限公司基金代销业务费率优惠公告2017-09-20 关于“平安银行大力开展金融知识进... 平安银行 (000001) 17-01-06 13:26:39 昨收: 9.12今开: 最高: 最低: 成交量: 24.18万成交额: 2.21亿换手率: 0.17%市值: -- 涨停价: 10.03... 你要看是在哪家公司投保!!在打哪公司的客服来查!!才能查出来!!更多关于000001寿成都核保保全的问题>> 2017年1月9日 - 平安银行(000001)解禁历史一览 个股解禁数据: 解禁日期: 2018-05-21 序号股东名称 解除限售日期 新增可上市股份(万) 限售股类型 信息来源 1 中国... 有人说是保险业务员素质低,有人说保险公司骗人,其实都不是根本原因,根本原因是,保险业在我国的发展就是一个社会主义初级阶段。 保险公司,其实在我国很早就有了,... 平安银行股份有限公司(简称:平安银行,股票代码:000001)是原深圳发展银行以吸收...销售干部·核保·定损员·售后服务专员 中国平安人寿保险股份有限公司四川分公司郫县... 2017年5月13日 - 团队合伙人 销售主管信息,还可查看“成都核保/理赔/契约管理/受理台”招聘信息...并于1991 年在深圳证券交易所上市(股票代码:000001),目前持有平安银... ASHZ30185615Q000001M亲戚去搞随便果了,我担心她被骗,请麻烦查一下截个图。。。 zhao1340396275 Voodoo 11 查不到, 云之彼端的雪 Voodoo 11 直接打客服... *平安银行股份有限公司(证券代码000001)。前身深圳发展银行股份有限公司,于2012年...全球500强企业招聘综合金融理财顾问 今天 中国人寿保险股份有限公司成都市分公司大业..."
"000001寿济南市历城区辛祝路81号夏","2017年9月16日 - 山东省济南市历城区辛祝路81号夏都金地购物广场B3区的平安直通是什么公司 主营什么业务,是否是传销 DaylilyHa075 | 15-10-22 举报 报告,这不是个... 地址:历城区辛祝路81号夏都金地商业广场B2区一楼北段【报告地址电话错误】 查看大地图:宁夏民族饭店 酒店机票预订: 济南特价酒店预订 飞机票预订 火车票 交通换乘... 2017年9月4日 - 在济南段店打车到历城区辛祝路81号夏都金地商业广场B1区 要多少钱 秋色如鑫 | 14-04-27 举报 报告,这不是个问题 全部答案(共2个回答)... 2017年9月7日 - 公司性质:上市公司 公司行业:互联网/电子商务 公司主页:www.pingan.com.cn 公司地址: 山东省济南市历城区辛祝路81号夏都金地商业广场B3座 您... 2017年9月17日 - 中国平安人寿保险股份有限公司济南电话销售中心张伟 公司规模:10000人以上 公司性质:上市公司 公司行业:保险 公司地址: 济南市历城区辛祝路81号夏都... 中国平安人寿保险股份有限公司济南电话销售中心张帅 公司规模:10000人以上 公司性质:上市公司 公司行业:基金/证券/期货/投资 公司地址: 历城区辛祝路81号金地商业... 网点地址:辛祝路81号夏都金地商业广场 收藏 分享 打印 分享 分享当前网点内容给好友 分享到: 威海商业银行济南历城支行周边网点 银行网点名称 网点地址 网点电话... 2017年9月8日 - 威海市商业银行济南历城支行电话是,威海市商业银行济南历城支行地址是辛祝路81号夏都金地商业广场,此外您还可以查看威海市商业银行济南历城支行 的地... 威海市商业银行济南舜耕支行 济南市济大路9号 0531-82730368 威海市商业银行济南历城支行 济南市历城区辛祝路81号夏都金地商业广场 0531-66896255 威海市商业银行济南... 山东省济南市历城区辛祝路81号夏都金地购物广场b3区 福利情况: 补充医疗保险带薪年假定期体检高温补贴绩效奖金节日福利全勤奖社保双休五险一金员工旅游正式合同 工作..."
"0000数科江西 作业中心","最佳答案: 12x10的19次方 首页 作业问答 个人中心 下载作业帮 扫二维码下载作业帮 拍照搜题,秒出答案,...0.00000000000000000000001993科学上把这个数的1/12定位原子质量单位并用符号u... 最佳答案: 1.993×10的负23次方 某种原子质量为0.00000000000000000000001993,科学上把这个数量的十二分之一定为1个原子质量单位,并用符号u来表示,请你用科学记数法把u表示出来 ... 约为0.000000000000000000000000000000000663焦·秒,用科学记数法可简洁地记为...暑假作业答案 在线课程 考拉精品课程 答案:略解析: (1);(2);(3);(4)0... 关于祥树 产品中心 客户服务 现货库存 新闻资讯 人才招聘 联系我们公告: 举杯迎新 向未来 享未来2017-07-18 德国EIDE TECH GmbH 搬迁公告2017-07-17 湘西纪行 ... 军事人物图片 浏览更多军事人物图片飞机图片 浏览更多飞机图片舰艇图片 浏览更多舰艇图片陆军装备图片 浏览更多陆军装备图片导弹图片 浏览更多导弹图片... 2.85×10的5次方 1.人体中成熟红细胞的平均直径为 0.0000077 m ,用科学记数法表示 ( ) A....用app只需扫描书本条形码就能找到作业,家长给孩子检查作业更省心,同学们作业对... 最佳答案: 解答:解:0.0000077=7.7×10-6,则n=-6,故答案为:-6."
"ZTE ジャパン","沪江日语单词库提供ジャパン是什么意思、ジャパン的中文翻译、ジャパン日语翻译成中文、ジャパン是什么意思、日文怎么读、日文怎么写、例句等信息,是最专业的... 最佳答案: cool Japan store。 「クールジャパン」是由日本经济产业省所推进的一个活动计划。“COOL JAPAN”是日本为了将独有的魅力文化传播到海外而设立的一项...更多关于ZTE ジャパン的问题>> 2013年8月25日 - ジャーナリスト 石川 温(1/3ページ)2013/8/23 7:00 日本経済新聞 電子...が2年以上前のゴミスペックじゃねえか しかもZTEっ・・・HTCのパク... 「月刊ホビージャパン」「GAME JAPAN」「アームズマガジン」等のホビー専門誌やホビー・ゲーム関連の書籍の発行、テーブルゲーム等の発売を行ってい... ジャパンシステム株式会社の公式ページです。セキュリティーソリューション「ARCACLAVIS(アルカクラヴィス)」や自治体向け行政経営支援システム「FAST」... 損保ジャパン日本興亜の公式ウェブサイト。自動車保険、火災保険、地震保険、海外旅行保険など、様々な商品をお届けするとともに、お客さまの安心・安全... ジャパンギャルズでは、美容機器・美容雑貨・美容液マスク・化粧品・医薬部外品のオリジナル企画商品、業務用・OEM/ODM製造を行っています。 福岡の新築一戸建て購入と不動産売却は幸せ未来構築企業のメガジャパンへ... 株式会社メガジャパンは6月より社名を株式会社不動産福岡と変更いたしました。... ネオジャパンは、当社が持つ優れたIT技術と創造性でビジネスコミュニケーションツールを開発・提供し、より良い社会形成に貢献しています。 最佳答案: 记录日本 的意思更多关于ZTE ジャパン的问题>>"
"ZTE ジャパン 株式会社","MTIジャパンは、Challenge Spiritで、新たな「社会を創造」し続けます。 MTIジャパンは、研究開発を企業の「社会的責任」と考えています。 MTIジャパンは... 人材採用・入社後活躍のエン・ジャパン。サービス、企業情報、ニュースリリース、IR情報、採用情報についてご紹介しています。 株式会社申華ジャパン (フィギュア・ホビー商品の製造、OEM業務)... 株式会社申華ジャパンはフィギュアや模型などの試作・設計開発・製造・輸入、それ... 2009.11.20 メッシュボックス・フレコンバッグの通販を始めました。 2008.09.10 サイトをリニューアルしました。Copyright(C) Kawashima Group Co.,... ジャパンシステム株式会社の公式ページです。セキュリティーソリューション「ARCACLAVIS(アルカクラヴィス)」や自治体向け行政経営支援システム「FAST」... ネオジャパンは、当社が持つ優れたIT技術と創造性でビジネスコミュニケーションツールを開発・提供し、より良い社会形成に貢献しています。 「FCAジャパン株式会社」は、3つの販売チャネル「フィアット/アルファ ロメオ」、「アバルト」および「クライスラー/ジープ」をとおして、「アルフ... 会社概要 取扱商品 国内・海外事業拠点 主要取引先 お問い合わせ 交通アクセスホーム ユナイトジャパン株式会社は平成20年に設立した新生のグローバル専... ポリマテック・ジャパン公式WEBサイト。ポリマー加工製品・設計・製造・販売・品質保証をグローバルに提供します。 グーリング ジャパン株式会社は、切削工具からツールホルダまで供給するツールカンパニーです。"
